<?xml version="1.0" encoding="UTF-8"?>
<gpx creator="Garmin Connect" version="1.1"
  xsi:schemaLocation="http://www.topografix.com/GPX/1/1 http://www.topografix.com/GPX/11.xsd"
  xmlns:ns3="http://www.garmin.com/xmlschemas/TrackPointExtension/v1"
  xmlns="http://www.topografix.com/GPX/1/1"
  xmlns:xsi="http://www.w3.org/2001/XMLSchema-instance" xmlns:ns2="http://www.garmin.com/xmlschemas/GpxExtensions/v3">
  <metadata>
    <name>Circuito mtb dua</name>
    <link href="connect.garmin.com">
      <text>Garmin Connect</text>
    </link>
    <time>2026-09-07T16:00:16.000Z</time>
  </metadata>
  <trk>
    <name>Circuito mtb dua</name>
    <trkseg>
      <trkpt lat="-35.46910185366869" lon="-69.59175129421055">
        <ele>1417.58</ele>
      </trkpt>
      <trkpt lat="-35.46911710873246" lon="-69.59207190200686">
        <ele>1417.54</ele>
      </trkpt>
      <trkpt lat="-35.469134878367186" lon="-69.59212043322623">
        <ele>1417.48</ele>
      </trkpt>
      <trkpt lat="-35.46920729801059" lon="-69.59217818453908">
        <ele>1417.41</ele>
      </trkpt>
      <trkpt lat="-35.46925080008805" lon="-69.5921877399087">
        <ele>1417.3</ele>
      </trkpt>
      <trkpt lat="-35.46929572708905" lon="-69.59219545125961">
        <ele>1417.17</ele>
      </trkpt>
      <trkpt lat="-35.46933830715716" lon="-69.59219712764025">
        <ele>1417.03</ele>
      </trkpt>
      <trkpt lat="-35.46944031491876" lon="-69.59220265969634">
        <ele>1416.87</ele>
      </trkpt>
      <trkpt lat="-35.46953905373812" lon="-69.59221053868532">
        <ele>1416.66</ele>
      </trkpt>
      <trkpt lat="-35.46968531794846" lon="-69.5922186691314">
        <ele>1416.39</ele>
      </trkpt>
      <trkpt lat="-35.4698783531785" lon="-69.59222990088165">
        <ele>1415.94</ele>
      </trkpt>
      <trkpt lat="-35.47016451135278" lon="-69.5922292303294">
        <ele>1415.43</ele>
      </trkpt>
      <trkpt lat="-35.47021195292473" lon="-69.59222663193941">
        <ele>1415.09</ele>
      </trkpt>
      <trkpt lat="-35.47055711969733" lon="-69.59223157726228">
        <ele>1415.03</ele>
      </trkpt>
      <trkpt lat="-35.47075493261218" lon="-69.5922324154526">
        <ele>1415.08</ele>
      </trkpt>
      <trkpt lat="-35.47090052627027" lon="-69.59223836660385">
        <ele>1415.09</ele>
      </trkpt>
      <trkpt lat="-35.47094872221351" lon="-69.59223342128098">
        <ele>1415.09</ele>
      </trkpt>
      <trkpt lat="-35.47099716961384" lon="-69.59223107434809">
        <ele>1415.09</ele>
      </trkpt>
      <trkpt lat="-35.47109875828028" lon="-69.59222646430135">
        <ele>1415.06</ele>
      </trkpt>
      <trkpt lat="-35.47129196114838" lon="-69.59222545847297">
        <ele>1415.07</ele>
      </trkpt>
      <trkpt lat="-35.47165020368993" lon="-69.59220961667597">
        <ele>1415.06</ele>
      </trkpt>
      <trkpt lat="-35.47181163914502" lon="-69.59220408461988">
        <ele>1415.07</ele>
      </trkpt>
      <trkpt lat="-35.47186846844852" lon="-69.59221011959016">
        <ele>1415.1</ele>
      </trkpt>
      <trkpt lat="-35.471960166469216" lon="-69.59227055311203">
        <ele>1415.15</ele>
      </trkpt>
      <trkpt lat="-35.47199201770127" lon="-69.59238479845226">
        <ele>1415.24</ele>
      </trkpt>
      <trkpt lat="-35.471983132883906" lon="-69.59244749508798">
        <ele>1415.33</ele>
      </trkpt>
      <trkpt lat="-35.471983132883906" lon="-69.59256635047495">
        <ele>1415.44</ele>
      </trkpt>
      <trkpt lat="-35.47198128886521" lon="-69.59275100380182">
        <ele>1415.55</ele>
      </trkpt>
      <trkpt lat="-35.471988497301936" lon="-69.5931893773377">
        <ele>1415.64</ele>
      </trkpt>
      <trkpt lat="-35.47200660221279" lon="-69.59352347999811">
        <ele>1415.72</ele>
      </trkpt>
      <trkpt lat="-35.47201003879309" lon="-69.59359204396605">
        <ele>1415.86</ele>
      </trkpt>
      <trkpt lat="-35.472014313563704" lon="-69.5936585124582">
        <ele>1416.03</ele>
      </trkpt>
      <trkpt lat="-35.47201749868691" lon="-69.59421180188656">
        <ele>1416.2</ele>
      </trkpt>
      <trkpt lat="-35.472018253058195" lon="-69.59466962143779">
        <ele>1416.53</ele>
      </trkpt>
      <trkpt lat="-35.472015738487244" lon="-69.59473567083478">
        <ele>1416.82</ele>
      </trkpt>
      <trkpt lat="-35.472022108733654" lon="-69.59491982124746">
        <ele>1417.19</ele>
      </trkpt>
      <trkpt lat="-35.47201649285853" lon="-69.59525157697499">
        <ele>1417.62</ele>
      </trkpt>
      <trkpt lat="-35.472019175067544" lon="-69.59531771019101">
        <ele>1418.05</ele>
      </trkpt>
      <trkpt lat="-35.47203937545419" lon="-69.59550973959267">
        <ele>1418.57</ele>
      </trkpt>
      <trkpt lat="-35.47205069102347" lon="-69.59564477205276">
        <ele>1419.07</ele>
      </trkpt>
      <trkpt lat="-35.47205840237439" lon="-69.59591466933489">
        <ele>1419.54</ele>
      </trkpt>
      <trkpt lat="-35.472054379060864" lon="-69.59605255164206">
        <ele>1420.0</ele>
      </trkpt>
      <trkpt lat="-35.47205270268023" lon="-69.59612497128546">
        <ele>1420.47</ele>
      </trkpt>
      <trkpt lat="-35.4720526188612" lon="-69.59619336761534">
        <ele>1421.0</ele>
      </trkpt>
      <trkpt lat="-35.472053457051516" lon="-69.59626000374556">
        <ele>1421.55</ele>
      </trkpt>
      <trkpt lat="-35.47206334769726" lon="-69.59653719328344">
        <ele>1422.21</ele>
      </trkpt>
      <trkpt lat="-35.47206544317305" lon="-69.59660768508911">
        <ele>1422.79</ele>
      </trkpt>
      <trkpt lat="-35.47206385061145" lon="-69.59702334366739">
        <ele>1423.57</ele>
      </trkpt>
      <trkpt lat="-35.47206703573465" lon="-69.59715913049877">
        <ele>1424.23</ele>
      </trkpt>
      <trkpt lat="-35.47206745482981" lon="-69.59743707440794">
        <ele>1424.9</ele>
      </trkpt>
      <trkpt lat="-35.47207566909492" lon="-69.59785818122327">
        <ele>1425.54</ele>
      </trkpt>
      <trkpt lat="-35.47209092415869" lon="-69.59836553782225">
        <ele>1425.94</ele>
      </trkpt>
      <trkpt lat="-35.472102826461196" lon="-69.59879158996046">
        <ele>1426.38</ele>
      </trkpt>
      <trkpt lat="-35.47211196273565" lon="-69.59914715029299">
        <ele>1426.83</ele>
      </trkpt>
      <trkpt lat="-35.47211145982146" lon="-69.59937119856477">
        <ele>1427.15</ele>
      </trkpt>
      <trkpt lat="-35.472111124545336" lon="-69.59944487549365">
        <ele>1427.52</ele>
      </trkpt>
      <trkpt lat="-35.47210852615535" lon="-69.59958770312369">
        <ele>1427.85</ele>
      </trkpt>
      <trkpt lat="-35.472114561125636" lon="-69.59972441196442">
        <ele>1428.16</ele>
      </trkpt>
      <trkpt lat="-35.47211179509759" lon="-69.59992448799312">
        <ele>1428.49</ele>
      </trkpt>
      <trkpt lat="-35.472097881138325" lon="-69.60033478215337">
        <ele>1428.95</ele>
      </trkpt>
      <trkpt lat="-35.47210148535669" lon="-69.6004004124552">
        <ele>1429.34</ele>
      </trkpt>
      <trkpt lat="-35.47210207208991" lon="-69.60046847350895">
        <ele>1429.72</ele>
      </trkpt>
      <trkpt lat="-35.47210651449859" lon="-69.60074038244784">
        <ele>1430.26</ele>
      </trkpt>
      <trkpt lat="-35.47211590223014" lon="-69.6011052466929">
        <ele>1430.75</ele>
      </trkpt>
      <trkpt lat="-35.472116991877556" lon="-69.60117355920374">
        <ele>1431.1</ele>
      </trkpt>
      <trkpt lat="-35.47213467769325" lon="-69.60150900296867">
        <ele>1431.53</ele>
      </trkpt>
      <trkpt lat="-35.47214448451996" lon="-69.60157748311758">
        <ele>1431.84</ele>
      </trkpt>
      <trkpt lat="-35.47220265492797" lon="-69.60174738429487">
        <ele>1432.12</ele>
      </trkpt>
      <trkpt lat="-35.472242049872875" lon="-69.60178778506815">
        <ele>1432.32</ele>
      </trkpt>
      <trkpt lat="-35.47229611314833" lon="-69.60179700516164">
        <ele>1432.5</ele>
      </trkpt>
      <trkpt lat="-35.472419830039144" lon="-69.60181251168251">
        <ele>1432.61</ele>
      </trkpt>
      <trkpt lat="-35.47254388220608" lon="-69.60180496796966">
        <ele>1432.66</ele>
      </trkpt>
      <trkpt lat="-35.472723757848144" lon="-69.60179759189487">
        <ele>1432.64</ele>
      </trkpt>
      <trkpt lat="-35.473133800551295" lon="-69.6017992682755">
        <ele>1432.49</ele>
      </trkpt>
      <trkpt lat="-35.47343010082841" lon="-69.60180102847517">
        <ele>1432.43</ele>
      </trkpt>
      <trkpt lat="-35.473494390025735" lon="-69.60180438123643">
        <ele>1432.45</ele>
      </trkpt>
      <trkpt lat="-35.473932176828384" lon="-69.60178082808852">
        <ele>1432.46</ele>
      </trkpt>
      <trkpt lat="-35.47411062754691" lon="-69.60176699794829">
        <ele>1432.47</ele>
      </trkpt>
      <trkpt lat="-35.47440550290048" lon="-69.60174025967717">
        <ele>1432.55</ele>
      </trkpt>
      <trkpt lat="-35.47468017786741" lon="-69.60171377286315">
        <ele>1432.67</ele>
      </trkpt>
      <trkpt lat="-35.47473181039095" lon="-69.6017062291503">
        <ele>1432.76</ele>
      </trkpt>
      <trkpt lat="-35.47484865412116" lon="-69.60168762132525">
        <ele>1432.85</ele>
      </trkpt>
      <trkpt lat="-35.474904058501124" lon="-69.60167814977467">
        <ele>1432.97</ele>
      </trkpt>
      <trkpt lat="-35.474962731823325" lon="-69.60167529992759">
        <ele>1433.1</ele>
      </trkpt>
      <trkpt lat="-35.47502098605037" lon="-69.60167731158435">
        <ele>1433.26</ele>
      </trkpt>
      <trkpt lat="-35.47531032934785" lon="-69.60164856165648">
        <ele>1433.34</ele>
      </trkpt>
      <trkpt lat="-35.47536791302264" lon="-69.60164252668619">
        <ele>1433.5</ele>
      </trkpt>
      <trkpt lat="-35.47542432323098" lon="-69.60164487361908">
        <ele>1433.68</ele>
      </trkpt>
      <trkpt lat="-35.475651137530804" lon="-69.60163758136332">
        <ele>1433.81</ele>
      </trkpt>
      <trkpt lat="-35.47603838145733" lon="-69.60162961855531">
        <ele>1434.07</ele>
      </trkpt>
      <trkpt lat="-35.47638866119087" lon="-69.60162090137601">
        <ele>1434.56</ele>
      </trkpt>
      <trkpt lat="-35.4765042476356" lon="-69.6016317140311">
        <ele>1434.92</ele>
      </trkpt>
      <trkpt lat="-35.47661564312875" lon="-69.60162928327918">
        <ele>1435.25</ele>
      </trkpt>
      <trkpt lat="-35.47672854736447" lon="-69.60162534378469">
        <ele>1435.51</ele>
      </trkpt>
      <trkpt lat="-35.47711981460452" lon="-69.60161620751023">
        <ele>1435.73</ele>
      </trkpt>
      <trkpt lat="-35.47734855674207" lon="-69.60160229355097">
        <ele>1435.78</ele>
      </trkpt>
      <trkpt lat="-35.477407313883305" lon="-69.60160103626549">
        <ele>1435.8</ele>
      </trkpt>
      <trkpt lat="-35.4778132494539" lon="-69.60158368572593">
        <ele>1435.67</ele>
      </trkpt>
      <trkpt lat="-35.47804090194404" lon="-69.60157798603177">
        <ele>1435.51</ele>
      </trkpt>
      <trkpt lat="-35.47821323387325" lon="-69.60156809538603">
        <ele>1435.3</ele>
      </trkpt>
      <trkpt lat="-35.47827048227191" lon="-69.60155988112092">
        <ele>1435.09</ele>
      </trkpt>
      <trkpt lat="-35.47849494963884" lon="-69.60156013257802">
        <ele>1434.79</ele>
      </trkpt>
      <trkpt lat="-35.478899711743" lon="-69.60152853280306">
        <ele>1434.5</ele>
      </trkpt>
      <trkpt lat="-35.47907053492963" lon="-69.60152375511825">
        <ele>1434.21</ele>
      </trkpt>
      <trkpt lat="-35.47928838059306" lon="-69.60151855833828">
        <ele>1433.89</ele>
      </trkpt>
      <trkpt lat="-35.479568503797054" lon="-69.60151922889054">
        <ele>1433.49</ele>
      </trkpt>
      <trkpt lat="-35.47984234057367" lon="-69.60151830688119">
        <ele>1433.0</ele>
      </trkpt>
      <trkpt lat="-35.479892045259476" lon="-69.60150808095932">
        <ele>1432.56</ele>
      </trkpt>
      <trkpt lat="-35.480008805170655" lon="-69.60155074484646">
        <ele>1432.08</ele>
      </trkpt>
      <trkpt lat="-35.480031268671155" lon="-69.60160153917968">
        <ele>1431.67</ele>
      </trkpt>
      <trkpt lat="-35.480029257014394" lon="-69.60165283642709">
        <ele>1431.26</ele>
      </trkpt>
      <trkpt lat="-35.480032693594694" lon="-69.60170815698802">
        <ele>1430.87</ele>
      </trkpt>
      <trkpt lat="-35.4800377227366" lon="-69.60177211090922">
        <ele>1430.46</ele>
      </trkpt>
      <trkpt lat="-35.480041075497866" lon="-69.60196229629219">
        <ele>1430.04</ele>
      </trkpt>
      <trkpt lat="-35.480062114074826" lon="-69.60214275866747">
        <ele>1429.66</ele>
      </trkpt>
      <trkpt lat="-35.48008122481406" lon="-69.60240620188415">
        <ele>1429.3</ele>
      </trkpt>
      <trkpt lat="-35.48009195365012" lon="-69.6024724189192">
        <ele>1428.96</ele>
      </trkpt>
      <trkpt lat="-35.480104526504874" lon="-69.60253595374525">
        <ele>1428.66</ele>
      </trkpt>
      <trkpt lat="-35.48011123202741" lon="-69.60259546525776">
        <ele>1428.39</ele>
      </trkpt>
      <trkpt lat="-35.480136796832085" lon="-69.60284256376326">
        <ele>1428.16</ele>
      </trkpt>
      <trkpt lat="-35.48013939522207" lon="-69.60290199145675">
        <ele>1427.95</ele>
      </trkpt>
      <trkpt lat="-35.48010779544711" lon="-69.6033168118447">
        <ele>1427.78</ele>
      </trkpt>
      <trkpt lat="-35.48004317097366" lon="-69.60381880402565">
        <ele>1427.64</ele>
      </trkpt>
      <trkpt lat="-35.48002649098635" lon="-69.60396498441696">
        <ele>1427.53</ele>
      </trkpt>
      <trkpt lat="-35.4799719247967" lon="-69.60438801907003">
        <ele>1427.37</ele>
      </trkpt>
      <trkpt lat="-35.47990101389587" lon="-69.60487492382526">
        <ele>1427.3</ele>
      </trkpt>
      <trkpt lat="-35.4798786342144" lon="-69.60508757270873">
        <ele>1427.28</ele>
      </trkpt>
      <trkpt lat="-35.4797906242311" lon="-69.60572828538716">
        <ele>1427.44</ele>
      </trkpt>
      <trkpt lat="-35.47972331754863" lon="-69.60622508078814">
        <ele>1427.66</ele>
      </trkpt>
      <trkpt lat="-35.47965148463845" lon="-69.60669890977442">
        <ele>1427.74</ele>
      </trkpt>
      <trkpt lat="-35.479637905955315" lon="-69.60676847957075">
        <ele>1427.91</ele>
      </trkpt>
      <trkpt lat="-35.47958627343178" lon="-69.60719000548124">
        <ele>1428.16</ele>
      </trkpt>
      <trkpt lat="-35.47952583990991" lon="-69.60762628354132">
        <ele>1428.35</ele>
      </trkpt>
      <trkpt lat="-35.47946129925549" lon="-69.60806323215365">
        <ele>1428.59</ele>
      </trkpt>
      <trkpt lat="-35.47945166006684" lon="-69.6081370767206">
        <ele>1428.85</ele>
      </trkpt>
      <trkpt lat="-35.47940472140908" lon="-69.60864778608084">
        <ele>1429.13</ele>
      </trkpt>
      <trkpt lat="-35.47933020628989" lon="-69.60930878296494">
        <ele>1429.48</ele>
      </trkpt>
      <trkpt lat="-35.479246051982045" lon="-69.60994329303503">
        <ele>1429.78</ele>
      </trkpt>
      <trkpt lat="-35.479169860482216" lon="-69.61033548228443">
        <ele>1430.13</ele>
      </trkpt>
      <trkpt lat="-35.47915820963681" lon="-69.61040161550045">
        <ele>1430.48</ele>
      </trkpt>
      <trkpt lat="-35.47915242612362" lon="-69.61047319695354">
        <ele>1430.84</ele>
      </trkpt>
      <trkpt lat="-35.47910808585584" lon="-69.61074971593916">
        <ele>1431.25</ele>
      </trkpt>
      <trkpt lat="-35.47907807864249" lon="-69.61095909588039">
        <ele>1431.66</ele>
      </trkpt>
      <trkpt lat="-35.47904245555401" lon="-69.61123259738088">
        <ele>1432.05</ele>
      </trkpt>
      <trkpt lat="-35.478979256004095" lon="-69.61170843802392">
        <ele>1432.55</ele>
      </trkpt>
      <trkpt lat="-35.47896986827254" lon="-69.6117768343538">
        <ele>1432.96</ele>
      </trkpt>
      <trkpt lat="-35.47892762348056" lon="-69.61205771192908">
        <ele>1433.41</ele>
      </trkpt>
      <trkpt lat="-35.47889929264784" lon="-69.61227036081254">
        <ele>1433.8</ele>
      </trkpt>
      <trkpt lat="-35.47887984663248" lon="-69.61247965693474">
        <ele>1434.22</ele>
      </trkpt>
      <trkpt lat="-35.47885302454233" lon="-69.61268685758114">
        <ele>1434.68</ele>
      </trkpt>
      <trkpt lat="-35.47879368066788" lon="-69.6131931245327">
        <ele>1435.14</ele>
      </trkpt>
      <trkpt lat="-35.4787736479193" lon="-69.6133363712579">
        <ele>1435.59</ele>
      </trkpt>
      <trkpt lat="-35.478734420612454" lon="-69.613629989326">
        <ele>1436.01</ele>
      </trkpt>
      <trkpt lat="-35.478705586865544" lon="-69.61385009810328">
        <ele>1436.4</ele>
      </trkpt>
      <trkpt lat="-35.478670382872224" lon="-69.61412720382214">
        <ele>1436.86</ele>
      </trkpt>
      <trkpt lat="-35.47866233624518" lon="-69.61420046165586">
        <ele>1437.27</ele>
      </trkpt>
      <trkpt lat="-35.47860852442682" lon="-69.6146229095757">
        <ele>1437.74</ele>
      </trkpt>
      <trkpt lat="-35.47857298515737" lon="-69.61499691009521">
        <ele>1438.13</ele>
      </trkpt>
      <trkpt lat="-35.478561418130994" lon="-69.61507067084312">
        <ele>1438.5</ele>
      </trkpt>
      <trkpt lat="-35.478527303785086" lon="-69.61536152288318">
        <ele>1438.87</ele>
      </trkpt>
      <trkpt lat="-35.47849754802883" lon="-69.61556361056864">
        <ele>1439.24</ele>
      </trkpt>
      <trkpt lat="-35.47843225300312" lon="-69.61597440764308">
        <ele>1439.62</ele>
      </trkpt>
      <trkpt lat="-35.47842060215771" lon="-69.61604179814458">
        <ele>1440.0</ele>
      </trkpt>
      <trkpt lat="-35.47835539095104" lon="-69.6164467278868">
        <ele>1440.46</ele>
      </trkpt>
      <trkpt lat="-35.47833845950663" lon="-69.61657823994756">
        <ele>1440.85</ele>
      </trkpt>
      <trkpt lat="-35.47826645895839" lon="-69.61714150384068">
        <ele>1441.23</ele>
      </trkpt>
      <trkpt lat="-35.47821910120547" lon="-69.61750418879092">
        <ele>1441.6</ele>
      </trkpt>
      <trkpt lat="-35.4781673848629" lon="-69.61787039414048">
        <ele>1442.0</ele>
      </trkpt>
      <trkpt lat="-35.47812505625188" lon="-69.6182235237211">
        <ele>1442.34</ele>
      </trkpt>
      <trkpt lat="-35.47808825969696" lon="-69.61850104853511">
        <ele>1442.75</ele>
      </trkpt>
      <trkpt lat="-35.47801977954805" lon="-69.61898845620453">
        <ele>1443.23</ele>
      </trkpt>
      <trkpt lat="-35.47801097854972" lon="-69.61905953474343">
        <ele>1443.63</ele>
      </trkpt>
      <trkpt lat="-35.477942414581776" lon="-69.61960662156343">
        <ele>1444.12</ele>
      </trkpt>
      <trkpt lat="-35.477935541421175" lon="-69.61967795155942">
        <ele>1444.55</ele>
      </trkpt>
      <trkpt lat="-35.477877454832196" lon="-69.62010970339179">
        <ele>1445.0</ele>
      </trkpt>
      <trkpt lat="-35.477866642177105" lon="-69.620181620121">
        <ele>1445.44</ele>
      </trkpt>
      <trkpt lat="-35.477825570851564" lon="-69.62046534754336">
        <ele>1445.9</ele>
      </trkpt>
      <trkpt lat="-35.477791875600815" lon="-69.6207567024976">
        <ele>1446.38</ele>
      </trkpt>
      <trkpt lat="-35.477694226428866" lon="-69.62147167883813">
        <ele>1446.96</ele>
      </trkpt>
      <trkpt lat="-35.47766572795808" lon="-69.62168868631124">
        <ele>1447.48</ele>
      </trkpt>
      <trkpt lat="-35.47760646790266" lon="-69.6222057659179">
        <ele>1448.09</ele>
      </trkpt>
      <trkpt lat="-35.477583250030875" lon="-69.62242470122874">
        <ele>1448.63</ele>
      </trkpt>
      <trkpt lat="-35.47754201106727" lon="-69.6227826923132">
        <ele>1449.21</ele>
      </trkpt>
      <trkpt lat="-35.47749842517078" lon="-69.62306742556393">
        <ele>1449.83</ele>
      </trkpt>
      <trkpt lat="-35.47744872048497" lon="-69.62340982630849">
        <ele>1450.59</ele>
      </trkpt>
      <trkpt lat="-35.47739599831402" lon="-69.62376622483134">
        <ele>1451.34</ele>
      </trkpt>
      <trkpt lat="-35.4773385822773" lon="-69.62417668662965">
        <ele>1451.96</ele>
      </trkpt>
      <trkpt lat="-35.47733028419316" lon="-69.62424642406404">
        <ele>1452.64</ele>
      </trkpt>
      <trkpt lat="-35.47727756202221" lon="-69.62474690750241">
        <ele>1453.45</ele>
      </trkpt>
      <trkpt lat="-35.47720614820719" lon="-69.62531662546098">
        <ele>1454.23</ele>
      </trkpt>
      <trkpt lat="-35.47718100249767" lon="-69.62552977725863">
        <ele>1454.96</ele>
      </trkpt>
      <trkpt lat="-35.47715971246362" lon="-69.62567386217415">
        <ele>1455.65</ele>
      </trkpt>
      <trkpt lat="-35.47708033584058" lon="-69.62624240666628">
        <ele>1456.37</ele>
      </trkpt>
      <trkpt lat="-35.47699458897114" lon="-69.62687758728862">
        <ele>1457.25</ele>
      </trkpt>
      <trkpt lat="-35.47691294923425" lon="-69.6275448706001">
        <ele>1457.94</ele>
      </trkpt>
      <trkpt lat="-35.476845894008875" lon="-69.62803915143013">
        <ele>1458.77</ele>
      </trkpt>
      <trkpt lat="-35.4768256098032" lon="-69.62817896157503">
        <ele>1459.46</ele>
      </trkpt>
      <trkpt lat="-35.4767981171608" lon="-69.62839077226818">
        <ele>1460.15</ele>
      </trkpt>
      <trkpt lat="-35.476723685860634" lon="-69.62896518409252">
        <ele>1460.75</ele>
      </trkpt>
      <trkpt lat="-35.476695438846946" lon="-69.62917959317565">
        <ele>1461.31</ele>
      </trkpt>
      <trkpt lat="-35.47663148492575" lon="-69.62960396893322">
        <ele>1461.85</ele>
      </trkpt>
      <trkpt lat="-35.47661019489169" lon="-69.62974201887846">
        <ele>1462.36</ele>
      </trkpt>
      <trkpt lat="-35.4765562992543" lon="-69.63015952147543">
        <ele>1462.87</ele>
      </trkpt>
      <trkpt lat="-35.476547833532095" lon="-69.63023244403303">
        <ele>1463.28</ele>
      </trkpt>
      <trkpt lat="-35.4764836281538" lon="-69.63065078482032">
        <ele>1463.61</ele>
      </trkpt>
      <trkpt lat="-35.476476503536105" lon="-69.63071716949344">
        <ele>1463.93</ele>
      </trkpt>
      <trkpt lat="-35.476452028378844" lon="-69.63091665878892">
        <ele>1464.18</ele>
      </trkpt>
      <trkpt lat="-35.4764006473124" lon="-69.63126107119024">
        <ele>1464.4</ele>
      </trkpt>
      <trkpt lat="-35.47631741501391" lon="-69.63179927319288">
        <ele>1464.8</ele>
      </trkpt>
      <trkpt lat="-35.47621255740523" lon="-69.63247158564627">
        <ele>1465.01</ele>
      </trkpt>
      <trkpt lat="-35.476199984550476" lon="-69.63255205191672">
        <ele>1465.17</ele>
      </trkpt>
      <trkpt lat="-35.476152542978525" lon="-69.63279663585126">
        <ele>1465.32</ele>
      </trkpt>
      <trkpt lat="-35.47609772533178" lon="-69.63307491503656">
        <ele>1465.47</ele>
      </trkpt>
      <trkpt lat="-35.47602195292711" lon="-69.63334891945124">
        <ele>1465.62</ele>
      </trkpt>
      <trkpt lat="-35.47597358934581" lon="-69.63349686004221">
        <ele>1465.75</ele>
      </trkpt>
      <trkpt lat="-35.47596017830074" lon="-69.63356961496174">
        <ele>1465.92</ele>
      </trkpt>
      <trkpt lat="-35.475948778912425" lon="-69.63370447978377">
        <ele>1466.11</ele>
      </trkpt>
      <trkpt lat="-35.475945845246315" lon="-69.63376424275339">
        <ele>1466.32</ele>
      </trkpt>
      <trkpt lat="-35.475939977914095" lon="-69.63382341898978">
        <ele>1466.56</ele>
      </trkpt>
      <trkpt lat="-35.47594056464732" lon="-69.63402391411364">
        <ele>1466.89</ele>
      </trkpt>
      <trkpt lat="-35.4759346973151" lon="-69.6340885385871">
        <ele>1467.2</ele>
      </trkpt>
      <trkpt lat="-35.475941905751824" lon="-69.63430286385119">
        <ele>1467.59</ele>
      </trkpt>
      <trkpt lat="-35.47594173811376" lon="-69.63436933234334">
        <ele>1467.92</ele>
      </trkpt>
      <trkpt lat="-35.47594333067536" lon="-69.63443663902581">
        <ele>1468.26</ele>
      </trkpt>
      <trkpt lat="-35.47597241587937" lon="-69.63486671447754">
        <ele>1468.67</ele>
      </trkpt>
      <trkpt lat="-35.47598331235349" lon="-69.63508154265583">
        <ele>1469.02</ele>
      </trkpt>
      <trkpt lat="-35.47600015997887" lon="-69.63536971248686">
        <ele>1469.38</ele>
      </trkpt>
      <trkpt lat="-35.4759983997792" lon="-69.63550742715597">
        <ele>1469.8</ele>
      </trkpt>
      <trkpt lat="-35.47599588520825" lon="-69.63571194559336">
        <ele>1470.25</ele>
      </trkpt>
      <trkpt lat="-35.475997142493725" lon="-69.63585334829986">
        <ele>1470.7</ele>
      </trkpt>
      <trkpt lat="-35.47599353827536" lon="-69.63606163859367">
        <ele>1471.2</ele>
      </trkpt>
      <trkpt lat="-35.475993202999234" lon="-69.63612928055227">
        <ele>1471.63</ele>
      </trkpt>
      <trkpt lat="-35.475998651236296" lon="-69.6363122574985">
        <ele>1472.1</ele>
      </trkpt>
      <trkpt lat="-35.47601114027202" lon="-69.6364311967045">
        <ele>1472.54</ele>
      </trkpt>
      <trkpt lat="-35.47602622769773" lon="-69.63674124330282">
        <ele>1473.04</ele>
      </trkpt>
      <trkpt lat="-35.476031340658665" lon="-69.636807795614">
        <ele>1473.48</ele>
      </trkpt>
      <trkpt lat="-35.476047433912754" lon="-69.6373432315886">
        <ele>1473.89</ele>
      </trkpt>
      <trkpt lat="-35.47606780193746" lon="-69.63786374777555">
        <ele>1474.26</ele>
      </trkpt>
      <trkpt lat="-35.47608548775315" lon="-69.63820992037654">
        <ele>1474.8</ele>
      </trkpt>
      <trkpt lat="-35.476095881313086" lon="-69.63841552846134">
        <ele>1475.26</ele>
      </trkpt>
      <trkpt lat="-35.47610929235816" lon="-69.63874854147434">
        <ele>1475.74</ele>
      </trkpt>
      <trkpt lat="-35.476115914061666" lon="-69.63895197026432">
        <ele>1476.17</ele>
      </trkpt>
      <trkpt lat="-35.4761210270226" lon="-69.63908633217216">
        <ele>1476.58</ele>
      </trkpt>
      <trkpt lat="-35.476124128326774" lon="-69.63915187865496">
        <ele>1476.95</ele>
      </trkpt>
      <trkpt lat="-35.47612588852644" lon="-69.63922010734677">
        <ele>1477.31</ele>
      </trkpt>
      <trkpt lat="-35.47613234259188" lon="-69.63965160772204">
        <ele>1477.69</ele>
      </trkpt>
      <trkpt lat="-35.47613728791475" lon="-69.63976551778615">
        <ele>1478.0</ele>
      </trkpt>
      <trkpt lat="-35.47614558599889" lon="-69.63982150889933">
        <ele>1478.28</ele>
      </trkpt>
      <trkpt lat="-35.476145753636956" lon="-69.6398729737848">
        <ele>1478.56</ele>
      </trkpt>
      <trkpt lat="-35.47614156268537" lon="-69.63992586359382">
        <ele>1478.83</ele>
      </trkpt>
      <trkpt lat="-35.47614558599889" lon="-69.63998101651669">
        <ele>1479.09</ele>
      </trkpt>
      <trkpt lat="-35.47615212388337" lon="-69.64019500650465">
        <ele>1479.35</ele>
      </trkpt>
      <trkpt lat="-35.47615614719689" lon="-69.6405846811831">
        <ele>1479.55</ele>
      </trkpt>
      <trkpt lat="-35.47616997733712" lon="-69.64091786183417">
        <ele>1479.75</ele>
      </trkpt>
      <trkpt lat="-35.47618699260056" lon="-69.64131155982614">
        <ele>1480.03</ele>
      </trkpt>
      <trkpt lat="-35.47620509751141" lon="-69.6416946966201">
        <ele>1480.36</ele>
      </trkpt>
      <trkpt lat="-35.47620568424463" lon="-69.64181061834097">
        <ele>1480.64</ele>
      </trkpt>
      <trkpt lat="-35.476214149966836" lon="-69.64211429469287">
        <ele>1481.0</ele>
      </trkpt>
      <trkpt lat="-35.476232171058655" lon="-69.64252810925245">
        <ele>1481.25</ele>
      </trkpt>
      <trkpt lat="-35.476248851045966" lon="-69.64298944920301">
        <ele>1481.48</ele>
      </trkpt>
      <trkpt lat="-35.47624910250306" lon="-69.64322372339666">
        <ele>1481.74</ele>
      </trkpt>
      <trkpt lat="-35.476251281797886" lon="-69.64334165677428">
        <ele>1482.02</ele>
      </trkpt>
      <trkpt lat="-35.4762523714453" lon="-69.64346042834222">
        <ele>1482.31</ele>
      </trkpt>
      <trkpt lat="-35.47625790350139" lon="-69.64386410079896">
        <ele>1482.58</ele>
      </trkpt>
      <trkpt lat="-35.47625832259655" lon="-69.6439207624644">
        <ele>1482.84</ele>
      </trkpt>
      <trkpt lat="-35.47626871615648" lon="-69.64426341466606">
        <ele>1483.18</ele>
      </trkpt>
      <trkpt lat="-35.476274248212576" lon="-69.64432124979794">
        <ele>1483.45</ele>
      </trkpt>
      <trkpt lat="-35.47628950327635" lon="-69.6446187235415">
        <ele>1483.79</ele>
      </trkpt>
      <trkpt lat="-35.47633267007768" lon="-69.64495693333447">
        <ele>1484.1</ele>
      </trkpt>
      <trkpt lat="-35.47641900368035" lon="-69.64521987363696">
        <ele>1484.36</ele>
      </trkpt>
      <trkpt lat="-35.47644389793277" lon="-69.64527443982661">
        <ele>1484.59</ele>
      </trkpt>
      <trkpt lat="-35.47646854072809" lon="-69.64532800018787">
        <ele>1484.82</ele>
      </trkpt>
      <trkpt lat="-35.47662855125964" lon="-69.6456325147301">
        <ele>1485.04</ele>
      </trkpt>
      <trkpt lat="-35.476771630346775" lon="-69.64589939452708">
        <ele>1485.27</ele>
      </trkpt>
      <trkpt lat="-35.4768464807421" lon="-69.64603551663458">
        <ele>1485.5</ele>
      </trkpt>
      <trkpt lat="-35.476883528754115" lon="-69.64610123075545">
        <ele>1485.72</ele>
      </trkpt>
      <trkpt lat="-35.47697765752673" lon="-69.64626979082823">
        <ele>1485.95</ele>
      </trkpt>
      <trkpt lat="-35.477042784914374" lon="-69.64638185687363">
        <ele>1486.2</ele>
      </trkpt>
      <trkpt lat="-35.47706516459584" lon="-69.6464232634753">
        <ele>1486.44</ele>
      </trkpt>
      <trkpt lat="-35.47715443186462" lon="-69.6465855371207">
        <ele>1486.71</ele>
      </trkpt>
      <trkpt lat="-35.477196760475636" lon="-69.64665921404958">
        <ele>1486.98</ele>
      </trkpt>
      <trkpt lat="-35.47727865166962" lon="-69.64681570418179">
        <ele>1487.25</ele>
      </trkpt>
      <trkpt lat="-35.47732441686094" lon="-69.64689114131033">
        <ele>1487.54</ele>
      </trkpt>
      <trkpt lat="-35.47741821035743" lon="-69.64704444631934">
        <ele>1487.85</ele>
      </trkpt>
      <trkpt lat="-35.47746372409165" lon="-69.64711862616241">
        <ele>1488.17</ele>
      </trkpt>
      <trkpt lat="-35.47764653339982" lon="-69.64743747375906">
        <ele>1488.58</ele>
      </trkpt>
      <trkpt lat="-35.47766866162419" lon="-69.64748055674136">
        <ele>1488.95</ele>
      </trkpt>
      <trkpt lat="-35.47769037075341" lon="-69.64752078987658">
        <ele>1489.34</ele>
      </trkpt>
      <trkpt lat="-35.477823223918676" lon="-69.64774852618575">
        <ele>1489.76</ele>
      </trkpt>
      <trkpt lat="-35.47788348980248" lon="-69.64786369353533">
        <ele>1490.17</ele>
      </trkpt>
      <trkpt lat="-35.477950712665915" lon="-69.64798791334033">
        <ele>1490.61</ele>
      </trkpt>
      <trkpt lat="-35.477970661595464" lon="-69.64802999049425">
        <ele>1491.04</ele>
      </trkpt>
      <trkpt lat="-35.47805339097977" lon="-69.64818748645484">
        <ele>1491.51</ele>
      </trkpt>
      <trkpt lat="-35.47811600379646" lon="-69.6483091916889">
        <ele>1491.99</ele>
      </trkpt>
      <trkpt lat="-35.4782691411674" lon="-69.64858931489289">
        <ele>1492.52</ele>
      </trkpt>
      <trkpt lat="-35.478430995717645" lon="-69.64887756854296">
        <ele>1493.08</ele>
      </trkpt>
      <trkpt lat="-35.478525795042515" lon="-69.64904746972024">
        <ele>1493.53</ele>
      </trkpt>
      <trkpt lat="-35.478597627952695" lon="-69.64917328208685">
        <ele>1493.94</ele>
      </trkpt>
      <trkpt lat="-35.478622606024146" lon="-69.64921217411757">
        <ele>1494.34</ele>
      </trkpt>
      <trkpt lat="-35.47875554300845" lon="-69.64945860207081">
        <ele>1494.75</ele>
      </trkpt>
      <trkpt lat="-35.47880248166621" lon="-69.64954040944576">
        <ele>1495.12</ele>
      </trkpt>
      <trkpt lat="-35.47889267094433" lon="-69.64971131645143">
        <ele>1495.49</ele>
      </trkpt>
      <trkpt lat="-35.478986548259854" lon="-69.64986596256495">
        <ele>1495.82</ele>
      </trkpt>
      <trkpt lat="-35.479047149419785" lon="-69.6499704848975">
        <ele>1496.13</ele>
      </trkpt>
      <trkpt lat="-35.479156617075205" lon="-69.65017332695425">
        <ele>1496.45</ele>
      </trkpt>
      <trkpt lat="-35.47926826402545" lon="-69.65037608519197">
        <ele>1496.77</ele>
      </trkpt>
      <trkpt lat="-35.47939105890691" lon="-69.65058160945773">
        <ele>1497.09</ele>
      </trkpt>
      <trkpt lat="-35.479430705308914" lon="-69.65066073462367">
        <ele>1497.33</ele>
      </trkpt>
      <trkpt lat="-35.479569090530276" lon="-69.65091831050813">
        <ele>1497.53</ele>
      </trkpt>
      <trkpt lat="-35.47959515824914" lon="-69.65096030384302">
        <ele>1497.71</ele>
      </trkpt>
      <trkpt lat="-35.479669254273176" lon="-69.65108167380095">
        <ele>1497.86</ele>
      </trkpt>
      <trkpt lat="-35.47976120375097" lon="-69.65126171708107">
        <ele>1497.99</ele>
      </trkpt>
      <trkpt lat="-35.47980906441808" lon="-69.65134654194117">
        <ele>1498.14</ele>
      </trkpt>
      <trkpt lat="-35.47990512102842" lon="-69.65152750723064">
        <ele>1498.28</ele>
      </trkpt>
      <trkpt lat="-35.47995381988585" lon="-69.6516172774136">
        <ele>1498.45</ele>
      </trkpt>
      <trkpt lat="-35.480048367753625" lon="-69.65179329738021">
        <ele>1498.66</ele>
      </trkpt>
      <trkpt lat="-35.48007301054895" lon="-69.65183939784765">
        <ele>1498.87</ele>
      </trkpt>
      <trkpt lat="-35.4802224598825" lon="-69.65211323462427">
        <ele>1499.15</ele>
      </trkpt>
      <trkpt lat="-35.480354307219386" lon="-69.6523498557508">
        <ele>1499.37</ele>
      </trkpt>
      <trkpt lat="-35.4803847335279" lon="-69.65239587239921">
        <ele>1499.59</ele>
      </trkpt>
      <trkpt lat="-35.48048246651888" lon="-69.65258278883994">
        <ele>1499.81</ele>
      </trkpt>
      <trkpt lat="-35.480534518137574" lon="-69.65267591178417">
        <ele>1500.07</ele>
      </trkpt>
      <trkpt lat="-35.48058405518532" lon="-69.6527658496052">
        <ele>1500.35</ele>
      </trkpt>
      <trkpt lat="-35.480726128444076" lon="-69.65303926728666">
        <ele>1500.77</ele>
      </trkpt>
      <trkpt lat="-35.48075278289616" lon="-69.65308100916445">
        <ele>1501.1</ele>
      </trkpt>
      <trkpt lat="-35.48080114647746" lon="-69.65316960588098">
        <ele>1501.43</ele>
      </trkpt>
      <trkpt lat="-35.480879098176956" lon="-69.65330564416945">
        <ele>1501.77</ele>
      </trkpt>
      <trkpt lat="-35.4809510987252" lon="-69.65343439020216">
        <ele>1502.12</ele>
      </trkpt>
      <trkpt lat="-35.48105578869581" lon="-69.653595155105">
        <ele>1502.49</ele>
      </trkpt>
      <trkpt lat="-35.48108319751918" lon="-69.65363916009665">
        <ele>1502.88</ele>
      </trkpt>
      <trkpt lat="-35.4811046551913" lon="-69.6536895353347">
        <ele>1503.29</ele>
      </trkpt>
      <trkpt lat="-35.48116852529347" lon="-69.6538227237761">
        <ele>1503.74</ele>
      </trkpt>
      <trkpt lat="-35.48131411895156" lon="-69.65410150587559">
        <ele>1504.26</ele>
      </trkpt>
      <trkpt lat="-35.48147840425372" lon="-69.65441431850195">
        <ele>1504.79</ele>
      </trkpt>
      <trkpt lat="-35.48150572925806" lon="-69.65446452610195">
        <ele>1505.28</ele>
      </trkpt>
      <trkpt lat="-35.4816643986851" lon="-69.65475051663816">
        <ele>1505.83</ele>
      </trkpt>
      <trkpt lat="-35.48174268566072" lon="-69.6548867225647">
        <ele>1506.37</ele>
      </trkpt>
      <trkpt lat="-35.48183748498559" lon="-69.65507179498672">
        <ele>1506.94</ele>
      </trkpt>
      <trkpt lat="-35.481928093358874" lon="-69.65524479746819">
        <ele>1507.51</ele>
      </trkpt>
      <trkpt lat="-35.48197813332081" lon="-69.65533465147018">
        <ele>1508.1</ele>
      </trkpt>
      <trkpt lat="-35.48216295428574" lon="-69.6556740347296">
        <ele>1508.79</ele>
      </trkpt>
      <trkpt lat="-35.48219019547105" lon="-69.65572172775865">
        <ele>1509.4</ele>
      </trkpt>
      <trkpt lat="-35.482318019494414" lon="-69.65594527311623">
        <ele>1510.06</ele>
      </trkpt>
      <trkpt lat="-35.48233872279525" lon="-69.65599246323109">
        <ele>1510.67</ele>
      </trkpt>
      <trkpt lat="-35.482367388904095" lon="-69.65603588148952">
        <ele>1511.29</ele>
      </trkpt>
      <trkpt lat="-35.4824638646096" lon="-69.65622019954026">
        <ele>1511.94</ele>
      </trkpt>
      <trkpt lat="-35.48259730450809" lon="-69.65644290670753">
        <ele>1512.53</ele>
      </trkpt>
      <trkpt lat="-35.482619013637304" lon="-69.65649479068816">
        <ele>1513.12</ele>
      </trkpt>
      <trkpt lat="-35.4826692212373" lon="-69.65659520588815">
        <ele>1513.71</ele>
      </trkpt>
      <trkpt lat="-35.48269897699356" lon="-69.6566408034414">
        <ele>1514.27</ele>
      </trkpt>
      <trkpt lat="-35.48277768306434" lon="-69.65678723528981">
        <ele>1514.84</ele>
      </trkpt>
      <trkpt lat="-35.48283183015883" lon="-69.65687901712954">
        <ele>1515.37</ele>
      </trkpt>
      <trkpt lat="-35.482907854020596" lon="-69.65702117420733">
        <ele>1515.9</ele>
      </trkpt>
      <trkpt lat="-35.48303106799722" lon="-69.65725000016391">
        <ele>1516.43</ele>
      </trkpt>
      <trkpt lat="-35.48305462114513" lon="-69.65729333460331">
        <ele>1516.9</ele>
      </trkpt>
      <trkpt lat="-35.48317741602659" lon="-69.65747798793018">
        <ele>1517.44</ele>
      </trkpt>
      <trkpt lat="-35.483210776001215" lon="-69.65752232819796">
        <ele>1517.86</ele>
      </trkpt>
      <trkpt lat="-35.48329803161323" lon="-69.65765451081097">
        <ele>1518.27</ele>
      </trkpt>
      <trkpt lat="-35.48338151536882" lon="-69.65778828598559">
        <ele>1518.65</ele>
      </trkpt>
      <trkpt lat="-35.48346265219152" lon="-69.65792591683567">
        <ele>1518.96</ele>
      </trkpt>
      <trkpt lat="-35.483551416546106" lon="-69.65806933119893">
        <ele>1519.23</ele>
      </trkpt>
      <trkpt lat="-35.48360615037382" lon="-69.65817117132246">
        <ele>1519.42</ele>
      </trkpt>
      <trkpt lat="-35.4836814198643" lon="-69.65833260677755">
        <ele>1519.52</ele>
      </trkpt>
      <trkpt lat="-35.48374227248132" lon="-69.65850736945868">
        <ele>1519.66</ele>
      </trkpt>
      <trkpt lat="-35.483785355463624" lon="-69.6586786955595">
        <ele>1519.73</ele>
      </trkpt>
      <trkpt lat="-35.483802957460284" lon="-69.65879520401359">
        <ele>1519.78</ele>
      </trkpt>
      <trkpt lat="-35.48382910899818" lon="-69.65904096141458">
        <ele>1519.79</ele>
      </trkpt>
      <trkpt lat="-35.48383858054876" lon="-69.65917297638953">
        <ele>1519.81</ele>
      </trkpt>
      <trkpt lat="-35.483862552791834" lon="-69.65930708684027">
        <ele>1519.78</ele>
      </trkpt>
      <trkpt lat="-35.48387747257948" lon="-69.65949526056647">
        <ele>1519.73</ele>
      </trkpt>
      <trkpt lat="-35.48388920724392" lon="-69.65962333604693">
        <ele>1519.7</ele>
      </trkpt>
      <trkpt lat="-35.48391996882856" lon="-69.65999465435743">
        <ele>1519.65</ele>
      </trkpt>
      <trkpt lat="-35.48394754528999" lon="-69.66033294796944">
        <ele>1519.67</ele>
      </trkpt>
      <trkpt lat="-35.48395902849734" lon="-69.66045180335641">
        <ele>1519.7</ele>
      </trkpt>
      <trkpt lat="-35.48397227190435" lon="-69.66057426296175">
        <ele>1519.77</ele>
      </trkpt>
      <trkpt lat="-35.48398199491203" lon="-69.66075011529028">
        <ele>1519.87</ele>
      </trkpt>
      <trkpt lat="-35.484004793688655" lon="-69.66098363511264">
        <ele>1519.98</ele>
      </trkpt>
      <trkpt lat="-35.48403228633106" lon="-69.6611640136689">
        <ele>1520.09</ele>
      </trkpt>
      <trkpt lat="-35.484035639092326" lon="-69.66122696176171">
        <ele>1520.24</ele>
      </trkpt>
      <trkpt lat="-35.484067825600505" lon="-69.66146307997406">
        <ele>1520.44</ele>
      </trkpt>
      <trkpt lat="-35.48411342315376" lon="-69.66177974827588">
        <ele>1520.69</ele>
      </trkpt>
      <trkpt lat="-35.484115686267614" lon="-69.66182542964816">
        <ele>1520.91</ele>
      </trkpt>
      <trkpt lat="-35.4841217212379" lon="-69.6619648206979">
        <ele>1521.16</ele>
      </trkpt>
      <trkpt lat="-35.48412314616144" lon="-69.66200756840408">
        <ele>1521.45</ele>
      </trkpt>
      <trkpt lat="-35.48412322998047" lon="-69.66205710545182">
        <ele>1521.76</ele>
      </trkpt>
      <trkpt lat="-35.484126415103674" lon="-69.66230730526149">
        <ele>1522.13</ele>
      </trkpt>
      <trkpt lat="-35.48415717668831" lon="-69.66259052976966">
        <ele>1522.47</ele>
      </trkpt>
      <trkpt lat="-35.4841735213995" lon="-69.6627959702164">
        <ele>1522.88</ele>
      </trkpt>
      <trkpt lat="-35.48419279977679" lon="-69.6629405580461">
        <ele>1523.3</ele>
      </trkpt>
      <trkpt lat="-35.4842078872025" lon="-69.66308858245611">
        <ele>1523.75</ele>
      </trkpt>
      <trkpt lat="-35.48422297462821" lon="-69.66318706981838">
        <ele>1524.17</ele>
      </trkpt>
      <trkpt lat="-35.48423043452203" lon="-69.66323769651353">
        <ele>1524.58</ele>
      </trkpt>
      <trkpt lat="-35.48425373621285" lon="-69.6633911691606">
        <ele>1525.01</ele>
      </trkpt>
      <trkpt lat="-35.48429690301418" lon="-69.66363810002804">
        <ele>1525.43</ele>
      </trkpt>
      <trkpt lat="-35.48434132710099" lon="-69.6638867072761">
        <ele>1525.93</ele>
      </trkpt>
      <trkpt lat="-35.48435817472637" lon="-69.66398586519063">
        <ele>1526.36</ele>
      </trkpt>
      <trkpt lat="-35.484368400648236" lon="-69.66408284381032">
        <ele>1526.77</ele>
      </trkpt>
      <trkpt lat="-35.48438424244523" lon="-69.66418242082">
        <ele>1527.17</ele>
      </trkpt>
      <trkpt lat="-35.48442137427628" lon="-69.66442524455488">
        <ele>1527.54</ele>
      </trkpt>
      <trkpt lat="-35.48446336761117" lon="-69.6646708343178">
        <ele>1527.86</ele>
      </trkpt>
      <trkpt lat="-35.48448289744556" lon="-69.66476705856621">
        <ele>1528.2</ele>
      </trkpt>
      <trkpt lat="-35.48451382666826" lon="-69.66497040353715">
        <ele>1528.55</ele>
      </trkpt>
      <trkpt lat="-35.48453578725457" lon="-69.66506520286202">
        <ele>1528.89</ele>
      </trkpt>
      <trkpt lat="-35.48453897237778" lon="-69.6651148237288">
        <ele>1529.24</ele>
      </trkpt>
      <trkpt lat="-35.48456755466759" lon="-69.66528933495283">
        <ele>1529.6</ele>
      </trkpt>
      <trkpt lat="-35.48459881916642" lon="-69.66554355807602">
        <ele>1529.99</ele>
      </trkpt>
      <trkpt lat="-35.484647769480944" lon="-69.66590506955981">
        <ele>1530.4</ele>
      </trkpt>
      <trkpt lat="-35.48465305007994" lon="-69.6659489069134">
        <ele>1530.74</ele>
      </trkpt>
      <trkpt lat="-35.48470434732735" lon="-69.66629424132407">
        <ele>1531.11</ele>
      </trkpt>
      <trkpt lat="-35.48474784940481" lon="-69.66659372672439">
        <ele>1531.45</ele>
      </trkpt>
      <trkpt lat="-35.48476637341082" lon="-69.666687855497">
        <ele>1531.79</ele>
      </trkpt>
      <trkpt lat="-35.484793949872255" lon="-69.66683085076511">
        <ele>1532.15</ele>
      </trkpt>
      <trkpt lat="-35.48480400815606" lon="-69.66687544248998">
        <ele>1532.48</ele>
      </trkpt>
      <trkpt lat="-35.48484147526324" lon="-69.6671006642282">
        <ele>1532.84</ele>
      </trkpt>
      <trkpt lat="-35.48485463485122" lon="-69.66714936308563">
        <ele>1533.16</ele>
      </trkpt>
      <trkpt lat="-35.48489889129996" lon="-69.66744323261082">
        <ele>1533.45</ele>
      </trkpt>
      <trkpt lat="-35.48490702174604" lon="-69.66749226674438">
        <ele>1533.76</ele>
      </trkpt>
      <trkpt lat="-35.484923366457224" lon="-69.66758698225021">
        <ele>1534.07</ele>
      </trkpt>
      <trkpt lat="-35.48497307114303" lon="-69.66787456534803">
        <ele>1534.38</ele>
      </trkpt>
      <trkpt lat="-35.48501271754503" lon="-69.66811873018742">
        <ele>1534.72</ele>
      </trkpt>
      <trkpt lat="-35.485044149681926" lon="-69.6683219075203">
        <ele>1535.0</ele>
      </trkpt>
      <trkpt lat="-35.48508010804653" lon="-69.66857579536736">
        <ele>1535.3</ele>
      </trkpt>
      <trkpt lat="-35.48511237837374" lon="-69.66877360828221">
        <ele>1535.62</ele>
      </trkpt>
      <trkpt lat="-35.48516551963985" lon="-69.66906303539872">
        <ele>1535.92</ele>
      </trkpt>
      <trkpt lat="-35.48518303781748" lon="-69.66916554607451">
        <ele>1536.16</ele>
      </trkpt>
      <trkpt lat="-35.4852111171931" lon="-69.66937291435897">
        <ele>1536.38</ele>
      </trkpt>
      <trkpt lat="-35.485233161598444" lon="-69.66952647082508">
        <ele>1536.54</ele>
      </trkpt>
      <trkpt lat="-35.485265012830496" lon="-69.66973316855729">
        <ele>1536.6</ele>
      </trkpt>
      <trkpt lat="-35.48529845662415" lon="-69.66988823376596">
        <ele>1536.66</ele>
      </trkpt>
      <trkpt lat="-35.48535411246121" lon="-69.67009903863072">
        <ele>1536.69</ele>
      </trkpt>
      <trkpt lat="-35.48538839444518" lon="-69.67019853182137">
        <ele>1536.71</ele>
      </trkpt>
      <trkpt lat="-35.48553851433098" lon="-69.67057831585407">
        <ele>1536.73</ele>
      </trkpt>
      <trkpt lat="-35.48560422845185" lon="-69.67069197446108">
        <ele>1536.67</ele>
      </trkpt>
      <trkpt lat="-35.48571587540209" lon="-69.67084595002234">
        <ele>1536.57</ele>
      </trkpt>
      <trkpt lat="-35.485892314463854" lon="-69.67111945152283">
        <ele>1536.43</ele>
      </trkpt>
      <trkpt lat="-35.485957358032465" lon="-69.67123042792082">
        <ele>1536.27</ele>
      </trkpt>
      <trkpt lat="-35.486124493181705" lon="-69.67150652781129">
        <ele>1536.07</ele>
      </trkpt>
      <trkpt lat="-35.48615902662277" lon="-69.67156293801963">
        <ele>1535.9</ele>
      </trkpt>
      <trkpt lat="-35.48631769604981" lon="-69.67185370624065">
        <ele>1535.7</ele>
      </trkpt>
      <trkpt lat="-35.48633588477969" lon="-69.67192193493247">
        <ele>1535.52</ele>
      </trkpt>
      <trkpt lat="-35.48635734245181" lon="-69.67207021079957">
        <ele>1535.37</ele>
      </trkpt>
      <trkpt lat="-35.486349714919925" lon="-69.67224061489105">
        <ele>1535.25</ele>
      </trkpt>
      <trkpt lat="-35.486341919749975" lon="-69.67233105562627">
        <ele>1535.12</ele>
      </trkpt>
      <trkpt lat="-35.48634493723512" lon="-69.67259843833745">
        <ele>1535.03</ele>
      </trkpt>
      <trkpt lat="-35.48636455088854" lon="-69.67267823405564">
        <ele>1534.91</ele>
      </trkpt>
      <trkpt lat="-35.48639447428286" lon="-69.67274746857584">
        <ele>1534.81</ele>
      </trkpt>
      <trkpt lat="-35.48642900772393" lon="-69.67281125485897">
        <ele>1534.74</ele>
      </trkpt>
      <trkpt lat="-35.48647217452526" lon="-69.67286573722959">
        <ele>1534.71</ele>
      </trkpt>
      <trkpt lat="-35.48658298328519" lon="-69.67301577329636">
        <ele>1534.69</ele>
      </trkpt>
      <trkpt lat="-35.48663721419871" lon="-69.67311912216246">
        <ele>1534.73</ele>
      </trkpt>
      <trkpt lat="-35.48666554503143" lon="-69.67317134141922">
        <ele>1534.86</ele>
      </trkpt>
      <trkpt lat="-35.486725056543946" lon="-69.67333663254976">
        <ele>1535.07</ele>
      </trkpt>
      <trkpt lat="-35.48676579259336" lon="-69.6734506264329">
        <ele>1535.34</ele>
      </trkpt>
      <trkpt lat="-35.48677962273359" lon="-69.67350955121219">
        <ele>1535.66</ele>
      </trkpt>
      <trkpt lat="-35.486814910545945" lon="-69.67368305660784">
        <ele>1536.08</ele>
      </trkpt>
      <trkpt lat="-35.486832428723574" lon="-69.6737960446626">
        <ele>1536.49</ele>
      </trkpt>
      <trkpt lat="-35.48685782589018" lon="-69.6740770060569">
        <ele>1536.96</ele>
      </trkpt>
      <trkpt lat="-35.48686604015529" lon="-69.67423860915005">
        <ele>1537.47</ele>
      </trkpt>
      <trkpt lat="-35.4868792835623" lon="-69.67438864521682">
        <ele>1538.06</ele>
      </trkpt>
      <trkpt lat="-35.48688791692257" lon="-69.67455343343318">
        <ele>1538.73</ele>
      </trkpt>
      <trkpt lat="-35.48689529299736" lon="-69.67471662908792">
        <ele>1539.43</ele>
      </trkpt>
      <trkpt lat="-35.48691079951823" lon="-69.67503380030394">
        <ele>1540.18</ele>
      </trkpt>
      <trkpt lat="-35.48692119307816" lon="-69.67523924075067">
        <ele>1540.96</ele>
      </trkpt>
      <trkpt lat="-35.4869347717613" lon="-69.67544853687286">
        <ele>1541.74</ele>
      </trkpt>
      <trkpt lat="-35.48694700933993" lon="-69.675602177158">
        <ele>1542.5</ele>
      </trkpt>
      <trkpt lat="-35.4869691375643" lon="-69.67590727843344">
        <ele>1543.3</ele>
      </trkpt>
      <trkpt lat="-35.48697408288717" lon="-69.67601456679404">
        <ele>1544.03</ele>
      </trkpt>
      <trkpt lat="-35.48698673956096" lon="-69.67623123899102">
        <ele>1544.78</ele>
      </trkpt>
      <trkpt lat="-35.48700710758567" lon="-69.67653390951455">
        <ele>1545.52</ele>
      </trkpt>
      <trkpt lat="-35.48701733350754" lon="-69.67668268829584">
        <ele>1546.26</ele>
      </trkpt>
      <trkpt lat="-35.48703460022807" lon="-69.67688963748515">
        <ele>1546.98</ele>
      </trkpt>
      <trkpt lat="-35.487053291872144" lon="-69.67704076319933">
        <ele>1547.67</ele>
      </trkpt>
      <trkpt lat="-35.487061170861125" lon="-69.67709189280868">
        <ele>1548.31</ele>
      </trkpt>
      <trkpt lat="-35.48711716197431" lon="-69.6774603612721">
        <ele>1548.94</ele>
      </trkpt>
      <trkpt lat="-35.48713568598032" lon="-69.67756882309914">
        <ele>1549.57</ele>
      </trkpt>
      <trkpt lat="-35.487165777012706" lon="-69.67772900126874">
        <ele>1550.17</ele>
      </trkpt>
      <trkpt lat="-35.4872040823102" lon="-69.67807416804135">
        <ele>1550.79</ele>
      </trkpt>
      <trkpt lat="-35.48721640370786" lon="-69.67817944474518">
        <ele>1551.3</ele>
      </trkpt>
      <trkpt lat="-35.48724775202572" lon="-69.67850214801729">
        <ele>1551.82</ele>
      </trkpt>
      <trkpt lat="-35.48725353553891" lon="-69.67855629511178">
        <ele>1552.24</ele>
      </trkpt>
      <trkpt lat="-35.487300641834736" lon="-69.67894244939089">
        <ele>1552.68</ele>
      </trkpt>
      <trkpt lat="-35.487309945747256" lon="-69.67900388874114">
        <ele>1553.0</ele>
      </trkpt>
      <trkpt lat="-35.487337270751595" lon="-69.67922936193645">
        <ele>1553.28</ele>
      </trkpt>
      <trkpt lat="-35.48736568540335" lon="-69.67944712378085">
        <ele>1553.49</ele>
      </trkpt>
      <trkpt lat="-35.48737985081971" lon="-69.67960336245596">
        <ele>1553.65</ele>
      </trkpt>
      <trkpt lat="-35.48739183694124" lon="-69.67971383593976">
        <ele>1553.77</ele>
      </trkpt>
      <trkpt lat="-35.48740348778665" lon="-69.67997166328132">
        <ele>1553.84</ele>
      </trkpt>
      <trkpt lat="-35.48738546669483" lon="-69.67999781481922">
        <ele>1553.87</ele>
      </trkpt>
      <trkpt lat="-35.48736778087914" lon="-69.67999706044793">
        <ele>1553.86</ele>
      </trkpt>
      <trkpt lat="-35.48733852803707" lon="-69.6800020057708">
        <ele>1553.81</ele>
      </trkpt>
      <trkpt lat="-35.487265940755606" lon="-69.68000552617013">
        <ele>1553.73</ele>
      </trkpt>
      <trkpt lat="-35.48722696490586" lon="-69.67998909763992">
        <ele>1553.61</ele>
      </trkpt>
      <trkpt lat="-35.4871472530067" lon="-69.67995095998049">
        <ele>1553.46</ele>
      </trkpt>
      <trkpt lat="-35.486976094543934" lon="-69.67987879179418">
        <ele>1553.26</ele>
      </trkpt>
      <trkpt lat="-35.48692060634494" lon="-69.67994417063892">
        <ele>1553.11</ele>
      </trkpt>
      <trkpt lat="-35.48690266907215" lon="-69.67999228276312">
        <ele>1552.96</ele>
      </trkpt>
      <trkpt lat="-35.48686151392758" lon="-69.68008029274642">
        <ele>1552.79</ele>
      </trkpt>
      <trkpt lat="-35.48679479397833" lon="-69.6801177598536">
        <ele>1552.61</ele>
      </trkpt>
      <trkpt lat="-35.48673310317099" lon="-69.68019470572472">
        <ele>1552.45</ele>
      </trkpt>
      <trkpt lat="-35.486718099564314" lon="-69.68022387474775">
        <ele>1552.32</ele>
      </trkpt>
      <trkpt lat="-35.48668566159904" lon="-69.68027642928064">
        <ele>1552.22</ele>
      </trkpt>
      <trkpt lat="-35.486660934984684" lon="-69.68030425719917">
        <ele>1552.14</ele>
      </trkpt>
      <trkpt lat="-35.486604357138276" lon="-69.68036770820618">
        <ele>1552.11</ele>
      </trkpt>
      <trkpt lat="-35.486552556976676" lon="-69.68047474510968">
        <ele>1552.13</ele>
      </trkpt>
      <trkpt lat="-35.486453315243125" lon="-69.68075352720916">
        <ele>1552.22</ele>
      </trkpt>
      <trkpt lat="-35.48637301661074" lon="-69.68088646419346">
        <ele>1552.31</ele>
      </trkpt>
      <trkpt lat="-35.48622180707753" lon="-69.68106633983552">
        <ele>1552.44</ele>
      </trkpt>
      <trkpt lat="-35.48619364388287" lon="-69.68109483830631">
        <ele>1552.58</ele>
      </trkpt>
      <trkpt lat="-35.48609104938805" lon="-69.68119592405856">
        <ele>1552.75</ele>
      </trkpt>
      <trkpt lat="-35.48603497445583" lon="-69.68123875558376">
        <ele>1552.95</ele>
      </trkpt>
      <trkpt lat="-35.48589591868222" lon="-69.68134621158242">
        <ele>1553.15</ele>
      </trkpt>
      <trkpt lat="-35.48583934083581" lon="-69.68138258904219">
        <ele>1553.4</ele>
      </trkpt>
      <trkpt lat="-35.48575099557638" lon="-69.68140027485788">
        <ele>1553.71</ele>
      </trkpt>
      <trkpt lat="-35.485642617568374" lon="-69.6814476326108">
        <ele>1554.09</ele>
      </trkpt>
      <trkpt lat="-35.485613364726305" lon="-69.6814616303891">
        <ele>1554.46</ele>
      </trkpt>
      <trkpt lat="-35.48553440719843" lon="-69.68145685270429">
        <ele>1554.87</ele>
      </trkpt>
      <trkpt lat="-35.48547497950494" lon="-69.68145408667624">
        <ele>1555.3</ele>
      </trkpt>
      <trkpt lat="-35.48538872972131" lon="-69.68144126236439">
        <ele>1555.77</ele>
      </trkpt>
      <trkpt lat="-35.485316226258874" lon="-69.68140840530396">
        <ele>1556.26</ele>
      </trkpt>
      <trkpt lat="-35.48523844219744" lon="-69.68138284049928">
        <ele>1556.77</ele>
      </trkpt>
      <trkpt lat="-35.485172560438514" lon="-69.68136942945421">
        <ele>1557.28</ele>
      </trkpt>
      <trkpt lat="-35.485110534355044" lon="-69.6813559345901">
        <ele>1557.81</ele>
      </trkpt>
      <trkpt lat="-35.48508865758777" lon="-69.6813493128866">
        <ele>1558.32</ele>
      </trkpt>
      <trkpt lat="-35.48501808196306" lon="-69.68136272393167">
        <ele>1558.86</ele>
      </trkpt>
      <trkpt lat="-35.48497047275305" lon="-69.6813522465527">
        <ele>1559.38</ele>
      </trkpt>
      <trkpt lat="-35.48487366177142" lon="-69.68138476833701">
        <ele>1559.93</ele>
      </trkpt>
      <trkpt lat="-35.48484809696674" lon="-69.68139247968793">
        <ele>1560.43</ele>
      </trkpt>
      <trkpt lat="-35.484737791121006" lon="-69.68135735951364">
        <ele>1560.98</ele>
      </trkpt>
      <trkpt lat="-35.48465623520315" lon="-69.68131360597908">
        <ele>1561.46</ele>
      </trkpt>
      <trkpt lat="-35.484571158885956" lon="-69.68130446970463">
        <ele>1561.94</ele>
      </trkpt>
      <trkpt lat="-35.48449614085257" lon="-69.68125912360847">
        <ele>1562.39</ele>
      </trkpt>
      <trkpt lat="-35.484451381489635" lon="-69.6812388394028">
        <ele>1562.84</ele>
      </trkpt>
      <trkpt lat="-35.484427912160754" lon="-69.68123766593635">
        <ele>1563.27</ele>
      </trkpt>
      <trkpt lat="-35.48437493853271" lon="-69.68122660182416">
        <ele>1563.71</ele>
      </trkpt>
      <trkpt lat="-35.484315007925034" lon="-69.68121595680714">
        <ele>1564.13</ele>
      </trkpt>
      <trkpt lat="-35.484165977686644" lon="-69.68119198456407">
        <ele>1564.56</ele>
      </trkpt>
      <trkpt lat="-35.484039494767785" lon="-69.68118377029896">
        <ele>1564.99</ele>
      </trkpt>
      <trkpt lat="-35.48397629521787" lon="-69.68118670396507">
        <ele>1565.4</ele>
      </trkpt>
      <trkpt lat="-35.483843106776476" lon="-69.68114823102951">
        <ele>1565.83</ele>
      </trkpt>
      <trkpt lat="-35.48372307792306" lon="-69.6811384242028">
        <ele>1566.27</ele>
      </trkpt>
      <trkpt lat="-35.483692064881325" lon="-69.68114781193435">
        <ele>1566.67</ele>
      </trkpt>
      <trkpt lat="-35.48352618701756" lon="-69.68113079667091">
        <ele>1567.1</ele>
      </trkpt>
      <trkpt lat="-35.48338402993977" lon="-69.6811127755791">
        <ele>1567.51</ele>
      </trkpt>
      <trkpt lat="-35.48332083038986" lon="-69.68109978362918">
        <ele>1567.9</ele>
      </trkpt>
      <trkpt lat="-35.48327003605664" lon="-69.68110833317041">
        <ele>1568.3</ele>
      </trkpt>
      <trkpt lat="-35.48324229195714" lon="-69.68111336231232">
        <ele>1568.68</ele>
      </trkpt>
      <trkpt lat="-35.48321823589504" lon="-69.68112191185355">
        <ele>1569.06</ele>
      </trkpt>
      <trkpt lat="-35.483066691085696" lon="-69.68115862458944">
        <ele>1569.51</ele>
      </trkpt>
      <trkpt lat="-35.48296920955181" lon="-69.68116348609328">
        <ele>1569.9</ele>
      </trkpt>
      <trkpt lat="-35.48290693201125" lon="-69.68116055242717">
        <ele>1570.28</ele>
      </trkpt>
      <trkpt lat="-35.48285177908838" lon="-69.68114236369729">
        <ele>1570.65</ele>
      </trkpt>
      <trkpt lat="-35.482746586203575" lon="-69.68110598623753">
        <ele>1571.03</ele>
      </trkpt>
      <trkpt lat="-35.482592107728124" lon="-69.68109492212534">
        <ele>1571.4</ele>
      </trkpt>
      <trkpt lat="-35.482453471049666" lon="-69.68110338784754">
        <ele>1571.77</ele>
      </trkpt>
      <trkpt lat="-35.48230201005936" lon="-69.68112233094871">
        <ele>1572.18</ele>
      </trkpt>
      <trkpt lat="-35.482113249599934" lon="-69.6811677608639">
        <ele>1572.62</ele>
      </trkpt>
      <trkpt lat="-35.48205642029643" lon="-69.6812074072659">
        <ele>1573.01</ele>
      </trkpt>
      <trkpt lat="-35.48196220770478" lon="-69.68122417107224">
        <ele>1573.42</ele>
      </trkpt>
      <trkpt lat="-35.48190504312515" lon="-69.68121595680714">
        <ele>1573.82</ele>
      </trkpt>
      <trkpt lat="-35.48179985024035" lon="-69.6812042221427">
        <ele>1574.24</ele>
      </trkpt>
      <trkpt lat="-35.48177738673985" lon="-69.6811833512038">
        <ele>1574.63</ele>
      </trkpt>
      <trkpt lat="-35.4816419351846" lon="-69.68109517358243">
        <ele>1575.05</ele>
      </trkpt>
      <trkpt lat="-35.481536239385605" lon="-69.68110053800046">
        <ele>1575.47</ele>
      </trkpt>
      <trkpt lat="-35.481480499729514" lon="-69.68109978362918">
        <ele>1575.87</ele>
      </trkpt>
      <trkpt lat="-35.481452168896794" lon="-69.68110129237175">
        <ele>1576.26</ele>
      </trkpt>
      <trkpt lat="-35.48138561658561" lon="-69.68109274283051">
        <ele>1576.65</ele>
      </trkpt>
      <trkpt lat="-35.48134110867977" lon="-69.68110447749496">
        <ele>1577.03</ele>
      </trkpt>
      <trkpt lat="-35.48124689608812" lon="-69.68109726905823">
        <ele>1577.42</ele>
      </trkpt>
      <trkpt lat="-35.48120431602001" lon="-69.68106617219746">
        <ele>1577.78</ele>
      </trkpt>
      <trkpt lat="-35.48111982643604" lon="-69.68103675171733">
        <ele>1578.15</ele>
      </trkpt>
      <trkpt lat="-35.481052938848734" lon="-69.68105401843786">
        <ele>1578.52</ele>
      </trkpt>
      <trkpt lat="-35.4810063354671" lon="-69.68106742948294">
        <ele>1578.88</ele>
      </trkpt>
      <trkpt lat="-35.48093416728079" lon="-69.68108151108027">
        <ele>1579.25</ele>
      </trkpt>
      <trkpt lat="-35.48089108429849" lon="-69.68110799789429">
        <ele>1579.59</ele>
      </trkpt>
      <trkpt lat="-35.48087356612086" lon="-69.68112618662417">
        <ele>1579.93</ele>
      </trkpt>
      <trkpt lat="-35.48085386864841" lon="-69.68116315081716">
        <ele>1580.25</ele>
      </trkpt>
      <trkpt lat="-35.480839954689145" lon="-69.68117597512901">
        <ele>1580.57</ele>
      </trkpt>
      <trkpt lat="-35.48080550506711" lon="-69.68120455741882">
        <ele>1580.88</ele>
      </trkpt>
      <trkpt lat="-35.48078019171953" lon="-69.68120279721916">
        <ele>1581.18</ele>
      </trkpt>
      <trkpt lat="-35.48071506433189" lon="-69.68121503479779">
        <ele>1581.49</ele>
      </trkpt>
      <trkpt lat="-35.480560921132565" lon="-69.68124663457274">
        <ele>1581.84</ele>
      </trkpt>
      <trkpt lat="-35.48052496276796" lon="-69.68126457184553">
        <ele>1582.15</ele>
      </trkpt>
      <trkpt lat="-35.48045581206679" lon="-69.68127764761448">
        <ele>1582.46</ele>
      </trkpt>
      <trkpt lat="-35.480368975549936" lon="-69.68128602951765">
        <ele>1582.78</ele>
      </trkpt>
      <trkpt lat="-35.48027794808149" lon="-69.6813215687871">
        <ele>1583.1</ele>
      </trkpt>
      <trkpt lat="-35.48019220121205" lon="-69.68134352937341">
        <ele>1583.42</ele>
      </trkpt>
      <trkpt lat="-35.480132857337594" lon="-69.68135719187558">
        <ele>1583.73</ele>
      </trkpt>
      <trkpt lat="-35.480102095752954" lon="-69.6813591197133">
        <ele>1584.06</ele>
      </trkpt>
      <trkpt lat="-35.47997829504311" lon="-69.68134000897408">
        <ele>1584.41</ele>
      </trkpt>
      <trkpt lat="-35.47994887456298" lon="-69.68133816495538">
        <ele>1584.79</ele>
      </trkpt>
      <trkpt lat="-35.479837814345956" lon="-69.68131662346423">
        <ele>1585.25</ele>
      </trkpt>
      <trkpt lat="-35.47976371832192" lon="-69.68128988519311">
        <ele>1585.69</ele>
      </trkpt>
      <trkpt lat="-35.479708733037114" lon="-69.68127655796707">
        <ele>1586.14</ele>
      </trkpt>
      <trkpt lat="-35.47958996146917" lon="-69.68126725405455">
        <ele>1586.63</ele>
      </trkpt>
      <trkpt lat="-35.479451324790716" lon="-69.68128058128059">
        <ele>1587.16</ele>
      </trkpt>
      <trkpt lat="-35.47935711219907" lon="-69.68136414885521">
        <ele>1587.68</ele>
      </trkpt>
      <trkpt lat="-35.47930497676134" lon="-69.68139281496406">
        <ele>1588.17</ele>
      </trkpt>
      <trkpt lat="-35.47922920435667" lon="-69.68140815384686">
        <ele>1588.68</ele>
      </trkpt>
      <trkpt lat="-35.479153264313936" lon="-69.68143673613667">
        <ele>1589.2</ele>
      </trkpt>
      <trkpt lat="-35.47908696345985" lon="-69.68146766535938">
        <ele>1589.7</ele>
      </trkpt>
      <trkpt lat="-35.47906341031194" lon="-69.68148803338408">
        <ele>1590.21</ele>
      </trkpt>
      <trkpt lat="-35.47893298789859" lon="-69.68153840862215">
        <ele>1590.75</ele>
      </trkpt>
      <trkpt lat="-35.47888219356537" lon="-69.68154645524919">
        <ele>1591.29</ele>
      </trkpt>
      <trkpt lat="-35.4788061697036" lon="-69.68160001561046">
        <ele>1591.84</ele>
      </trkpt>
      <trkpt lat="-35.47874950803816" lon="-69.68167000450194">
        <ele>1592.41</ele>
      </trkpt>
      <trkpt lat="-35.47872042283416" lon="-69.68168115243316">
        <ele>1592.95</ele>
      </trkpt>
      <trkpt lat="-35.47866225242615" lon="-69.68170143663883">
        <ele>1593.53</ele>
      </trkpt>
      <trkpt lat="-35.47857818193734" lon="-69.6817114111036">
        <ele>1594.1</ele>
      </trkpt>
      <trkpt lat="-35.47847047448158" lon="-69.6817304380238">
        <ele>1594.65</ele>
      </trkpt>
      <trkpt lat="-35.47840425744653" lon="-69.68175910413265">
        <ele>1595.2</ele>
      </trkpt>
      <trkpt lat="-35.47836251556873" lon="-69.68177637085319">
        <ele>1595.73</ele>
      </trkpt>
      <trkpt lat="-35.47829202376306" lon="-69.68180989846587">
        <ele>1596.28</ele>
      </trkpt>
      <trkpt lat="-35.47820929437876" lon="-69.68183026649058">
        <ele>1596.84</ele>
      </trkpt>
      <trkpt lat="-35.478157410398126" lon="-69.68182641081512">
        <ele>1597.37</ele>
      </trkpt>
      <trkpt lat="-35.47805590555072" lon="-69.68181408941746">
        <ele>1597.88</ele>
      </trkpt>
      <trkpt lat="-35.47800217755139" lon="-69.68180436640978">
        <ele>1598.39</ele>
      </trkpt>
      <trkpt lat="-35.47792498022318" lon="-69.68177821487188">
        <ele>1598.92</ele>
      </trkpt>
      <trkpt lat="-35.477869072929025" lon="-69.68171794898808">
        <ele>1599.42</ele>
      </trkpt>
      <trkpt lat="-35.47786680981517" lon="-69.6816928870976">
        <ele>1599.85</ele>
      </trkpt>
      <trkpt lat="-35.47785356640816" lon="-69.68157621100545">
        <ele>1600.28</ele>
      </trkpt>
      <trkpt lat="-35.47779455780983" lon="-69.6814611274749">
        <ele>1600.72</ele>
      </trkpt>
      <trkpt lat="-35.477782571688294" lon="-69.68143346719444">
        <ele>1601.11</ele>
      </trkpt>
      <trkpt lat="-35.477750385180116" lon="-69.68123205006123">
        <ele>1601.45</ele>
      </trkpt>
      <trkpt lat="-35.477718031033874" lon="-69.68111721798778">
        <ele>1601.81</ele>
      </trkpt>
      <trkpt lat="-35.47767637297511" lon="-69.6810242626816">
        <ele>1602.17</ele>
      </trkpt>
      <trkpt lat="-35.4775679949671" lon="-69.68085964210331">
        <ele>1602.56</ele>
      </trkpt>
      <trkpt lat="-35.4774712678045" lon="-69.68079493381083">
        <ele>1602.95</ele>
      </trkpt>
      <trkpt lat="-35.4774437751621" lon="-69.68078562989831">
        <ele>1603.28</ele>
      </trkpt>
      <trkpt lat="-35.477290553972125" lon="-69.68074288219213">
        <ele>1603.66</ele>
      </trkpt>
      <trkpt lat="-35.47726054675877" lon="-69.68073014169931">
        <ele>1603.99</ele>
      </trkpt>
      <trkpt lat="-35.47713632695377" lon="-69.68070700764656">
        <ele>1604.31</ele>
      </trkpt>
      <trkpt lat="-35.47707723453641" lon="-69.68069929629564">
        <ele>1604.63</ele>
      </trkpt>
      <trkpt lat="-35.47699123620987" lon="-69.68068580143154">
        <ele>1604.97</ele>
      </trkpt>
      <trkpt lat="-35.47693641856313" lon="-69.68068077228963">
        <ele>1605.34</ele>
      </trkpt>
      <trkpt lat="-35.476890401914716" lon="-69.68067289330065">
        <ele>1605.72</ele>
      </trkpt>
      <trkpt lat="-35.476816641166806" lon="-69.68065554276109">
        <ele>1606.12</ele>
      </trkpt>
      <trkpt lat="-35.476751597598195" lon="-69.68063383363187">
        <ele>1606.53</ele>
      </trkpt>
      <trkpt lat="-35.47669820487499" lon="-69.68063374981284">
        <ele>1606.99</ele>
      </trkpt>
      <trkpt lat="-35.47660265117884" lon="-69.68064296990633">
        <ele>1607.51</ele>
      </trkpt>
      <trkpt lat="-35.476529309526086" lon="-69.68065964989364">
        <ele>1608.07</ele>
      </trkpt>
      <trkpt lat="-35.47638740390539" lon="-69.68068077228963">
        <ele>1608.67</ele>
      </trkpt>
      <trkpt lat="-35.47617173753679" lon="-69.68068010173738">
        <ele>1609.35</ele>
      </trkpt>
      <trkpt lat="-35.476069226861" lon="-69.68073667958379">
        <ele>1609.96</ele>
      </trkpt>
      <trkpt lat="-35.47604877501726" lon="-69.68074640259147">
        <ele>1610.56</ele>
      </trkpt>
      <trkpt lat="-35.476025557145476" lon="-69.68074221163988">
        <ele>1611.17</ele>
      </trkpt>
      <trkpt lat="-35.47599848359823" lon="-69.6807359252125">
        <ele>1611.81</ele>
      </trkpt>
      <trkpt lat="-35.47594324685633" lon="-69.68072695657611">
        <ele>1612.47</ele>
      </trkpt>
      <trkpt lat="-35.47589220106602" lon="-69.68071069568396">
        <ele>1613.14</ele>
      </trkpt>
      <trkpt lat="-35.4757877625525" lon="-69.6806965302676">
        <ele>1613.84</ele>
      </trkpt>
      <trkpt lat="-35.47576546669006" lon="-69.68069527298212">
        <ele>1614.5</ele>
      </trkpt>
      <trkpt lat="-35.47566404566169" lon="-69.68068244867027">
        <ele>1615.2</ele>
      </trkpt>
      <trkpt lat="-35.47564074397087" lon="-69.68067800626159">
        <ele>1615.89</ele>
      </trkpt>
      <trkpt lat="-35.47556832432747" lon="-69.68065260909498">
        <ele>1616.59</ele>
      </trkpt>
      <trkpt lat="-35.47547796741128" lon="-69.68061363324523">
        <ele>1617.34</ele>
      </trkpt>
      <trkpt lat="-35.47545273788273" lon="-69.68060491606593">
        <ele>1618.05</ele>
      </trkpt>
      <trkpt lat="-35.47534268349409" lon="-69.68059938400984">
        <ele>1618.81</ele>
      </trkpt>
      <trkpt lat="-35.475290548056364" lon="-69.68058094382286">
        <ele>1619.51</ele>
      </trkpt>
      <trkpt lat="-35.47520589083433" lon="-69.68053492717445">
        <ele>1620.2</ele>
      </trkpt>
      <trkpt lat="-35.47518543899059" lon="-69.68052864074707">
        <ele>1620.83</ele>
      </trkpt>
      <trkpt lat="-35.47504462301731" lon="-69.68049167655408">
        <ele>1621.51</ele>
      </trkpt>
      <trkpt lat="-35.47502056695521" lon="-69.68048505485058">
        <ele>1622.09</ele>
      </trkpt>
      <trkpt lat="-35.47492643818259" lon="-69.68048572540283">
        <ele>1622.67</ele>
      </trkpt>
      <trkpt lat="-35.47490741126239" lon="-69.68050114810467">
        <ele>1623.17</ele>
      </trkpt>
      <trkpt lat="-35.47484471462667" lon="-69.68049628660083">
        <ele>1623.64</ele>
      </trkpt>
      <trkpt lat="-35.47482116147876" lon="-69.68049452640116">
        <ele>1624.06</ele>
      </trkpt>
      <trkpt lat="-35.474718399345875" lon="-69.68051799573004">
        <ele>1624.44</ele>
      </trkpt>
      <trkpt lat="-35.47452402301133" lon="-69.68056107871234">
        <ele>1624.8</ele>
      </trkpt>
      <trkpt lat="-35.47449083067477" lon="-69.68055973760784">
        <ele>1625.07</ele>
      </trkpt>
      <trkpt lat="-35.47437759116292" lon="-69.68053576536477">
        <ele>1625.29</ele>
      </trkpt>
      <trkpt lat="-35.474255215376616" lon="-69.68051548115909">
        <ele>1625.46</ele>
      </trkpt>
      <trkpt lat="-35.47418556176126" lon="-69.6805149782449">
        <ele>1625.58</ele>
      </trkpt>
      <trkpt lat="-35.47401004470885" lon="-69.68055244535208">
        <ele>1625.66</ele>
      </trkpt>
      <trkpt lat="-35.473869228735566" lon="-69.68055269680917">
        <ele>1625.64</ele>
      </trkpt>
      <trkpt lat="-35.473836371675134" lon="-69.68053517863154">
        <ele>1625.56</ele>
      </trkpt>
      <trkpt lat="-35.47380208969116" lon="-69.68053417280316">
        <ele>1625.43</ele>
      </trkpt>
      <trkpt lat="-35.4736843239516" lon="-69.68055236153305">
        <ele>1625.23</ele>
      </trkpt>
      <trkpt lat="-35.47355281189084" lon="-69.68055311590433">
        <ele>1624.99</ele>
      </trkpt>
      <trkpt lat="-35.473507633432746" lon="-69.68053727410734">
        <ele>1624.71</ele>
      </trkpt>
      <trkpt lat="-35.47346731647849" lon="-69.6805218514055">
        <ele>1624.39</ele>
      </trkpt>
      <trkpt lat="-35.47337553463876" lon="-69.6804962027818">
        <ele>1624.03</ele>
      </trkpt>
      <trkpt lat="-35.47323480248451" lon="-69.68045018613338">
        <ele>1623.59</ele>
      </trkpt>
      <trkpt lat="-35.47317956574261" lon="-69.68044314533472">
        <ele>1623.16</ele>
      </trkpt>
      <trkpt lat="-35.473130866885185" lon="-69.68045412562788">
        <ele>1622.72</ele>
      </trkpt>
      <trkpt lat="-35.473026344552636" lon="-69.68048782087862">
        <ele>1622.27</ele>
      </trkpt>
      <trkpt lat="-35.47288108617067" lon="-69.6805289760232">
        <ele>1621.76</ele>
      </trkpt>
      <trkpt lat="-35.47278670594096" lon="-69.68057650141418">
        <ele>1621.24</ele>
      </trkpt>
      <trkpt lat="-35.47273959964514" lon="-69.68060374259949">
        <ele>1620.73</ele>
      </trkpt>
      <trkpt lat="-35.472641196101904" lon="-69.68063794076443">
        <ele>1620.21</ele>
      </trkpt>
      <trkpt lat="-35.4725307226181" lon="-69.68063768930733">
        <ele>1619.69</ele>
      </trkpt>
      <trkpt lat="-35.4724773298949" lon="-69.68063743785024">
        <ele>1619.17</ele>
      </trkpt>
      <trkpt lat="-35.472307093441486" lon="-69.68064531683922">
        <ele>1618.65</ele>
      </trkpt>
      <trkpt lat="-35.47224557027221" lon="-69.68065587803721">
        <ele>1618.16</ele>
      </trkpt>
      <trkpt lat="-35.47212654724717" lon="-69.68069192022085">
        <ele>1617.69</ele>
      </trkpt>
      <trkpt lat="-35.47199763357639" lon="-69.68072729185224">
        <ele>1617.24</ele>
      </trkpt>
      <trkpt lat="-35.471798814833164" lon="-69.68078562989831">
        <ele>1616.78</ele>
      </trkpt>
      <trkpt lat="-35.47159521840513" lon="-69.68081588856876">
        <ele>1616.36</ele>
      </trkpt>
      <trkpt lat="-35.471543837338686" lon="-69.6808532718569">
        <ele>1616.02</ele>
      </trkpt>
      <trkpt lat="-35.471424562856555" lon="-69.68093080446124">
        <ele>1615.68</ele>
      </trkpt>
      <trkpt lat="-35.47137200832367" lon="-69.68096793629229">
        <ele>1615.46</ele>
      </trkpt>
      <trkpt lat="-35.47131333500147" lon="-69.68098084442317">
        <ele>1615.29</ele>
      </trkpt>
      <trkpt lat="-35.47125759534538" lon="-69.680988304317">
        <ele>1615.16</ele>
      </trkpt>
      <trkpt lat="-35.47120965085924" lon="-69.68100406229496">
        <ele>1615.09</ele>
      </trkpt>
      <trkpt lat="-35.47105743549764" lon="-69.68103189021349">
        <ele>1615.07</ele>
      </trkpt>
      <trkpt lat="-35.47079055570066" lon="-69.68105049803853">
        <ele>1615.18</ele>
      </trkpt>
      <trkpt lat="-35.47057941555977" lon="-69.68098151497543">
        <ele>1615.35</ele>
      </trkpt>
      <trkpt lat="-35.47049693763256" lon="-69.6809764020145">
        <ele>1615.49</ele>
      </trkpt>
      <trkpt lat="-35.470340782776475" lon="-69.68096852302551">
        <ele>1615.67</ele>
      </trkpt>
      <trkpt lat="-35.47029669396579" lon="-69.68097539618611">
        <ele>1615.86</ele>
      </trkpt>
      <trkpt lat="-35.47001916915178" lon="-69.68101646751165">
        <ele>1616.03</ele>
      </trkpt>
      <trkpt lat="-35.46977332793176" lon="-69.6810551919043">
        <ele>1616.23</ele>
      </trkpt>
      <trkpt lat="-35.46967417001724" lon="-69.68106960877776">
        <ele>1616.5</ele>
      </trkpt>
      <trkpt lat="-35.469625890254974" lon="-69.6810829360038">
        <ele>1616.8</ele>
      </trkpt>
      <trkpt lat="-35.46939396299422" lon="-69.68110858462751">
        <ele>1617.07</ele>
      </trkpt>
      <trkpt lat="-35.46909171156585" lon="-69.681083438918">
        <ele>1617.44</ele>
      </trkpt>
      <trkpt lat="-35.468903789296746" lon="-69.68104588799179">
        <ele>1617.8</ele>
      </trkpt>
      <trkpt lat="-35.46881536021829" lon="-69.6810224186629">
        <ele>1618.13</ele>
      </trkpt>
      <trkpt lat="-35.46876900829375" lon="-69.68101093545556">
        <ele>1618.46</ele>
      </trkpt>
      <trkpt lat="-35.46872114762664" lon="-69.6810073312372">
        <ele>1618.8</ele>
      </trkpt>
      <trkpt lat="-35.468472791835666" lon="-69.6809695288539">
        <ele>1619.15</ele>
      </trkpt>
      <trkpt lat="-35.468261735513806" lon="-69.68093155883253">
        <ele>1619.5</ele>
      </trkpt>
      <trkpt lat="-35.468154195696115" lon="-69.6809174772352">
        <ele>1619.84</ele>
      </trkpt>
      <trkpt lat="-35.467997957021" lon="-69.68088503926992">
        <ele>1620.16</ele>
      </trkpt>
      <trkpt lat="-35.46785353682935" lon="-69.68085092492402">
        <ele>1620.45</ele>
      </trkpt>
      <trkpt lat="-35.467756390571594" lon="-69.68083516694605">
        <ele>1620.72</ele>
      </trkpt>
      <trkpt lat="-35.46771699562669" lon="-69.6808313112706">
        <ele>1620.97</ele>
      </trkpt>
      <trkpt lat="-35.467675337567925" lon="-69.68083298765123">
        <ele>1621.2</ele>
      </trkpt>
      <trkpt lat="-35.46748221851885" lon="-69.68081186525524">
        <ele>1621.43</ele>
      </trkpt>
      <trkpt lat="-35.467373840510845" lon="-69.68078923411667">
        <ele>1621.59</ele>
      </trkpt>
      <trkpt lat="-35.467312317341566" lon="-69.68075880780816">
        <ele>1621.71</ele>
      </trkpt>
      <trkpt lat="-35.467210141941905" lon="-69.68066551722586">
        <ele>1621.8</ele>
      </trkpt>
      <trkpt lat="-35.46718801371753" lon="-69.68064883723855">
        <ele>1621.86</ele>
      </trkpt>
      <trkpt lat="-35.467106122523546" lon="-69.68060449697077">
        <ele>1621.87</ele>
      </trkpt>
      <trkpt lat="-35.467041246593" lon="-69.68058404512703">
        <ele>1621.85</ele>
      </trkpt>
      <trkpt lat="-35.466866567730904" lon="-69.68056912533939">
        <ele>1621.78</ele>
      </trkpt>
      <trkpt lat="-35.46683480031788" lon="-69.68057591468096">
        <ele>1621.68</ele>
      </trkpt>
      <trkpt lat="-35.46669725328684" lon="-69.68057507649064">
        <ele>1621.54</ele>
      </trkpt>
      <trkpt lat="-35.46655911952257" lon="-69.68055403791368">
        <ele>1621.35</ele>
      </trkpt>
      <trkpt lat="-35.46652718447149" lon="-69.68056283891201">
        <ele>1621.13</ele>
      </trkpt>
      <trkpt lat="-35.46637907624245" lon="-69.68057624995708">
        <ele>1620.88</ele>
      </trkpt>
      <trkpt lat="-35.46633901074529" lon="-69.68057557940483">
        <ele>1620.57</ele>
      </trkpt>
      <trkpt lat="-35.466293413192034" lon="-69.68056275509298">
        <ele>1620.23</ele>
      </trkpt>
      <trkpt lat="-35.46614924445748" lon="-69.6805342566222">
        <ele>1619.83</ele>
      </trkpt>
      <trkpt lat="-35.466100042685866" lon="-69.68054506927729">
        <ele>1619.43</ele>
      </trkpt>
      <trkpt lat="-35.46599904075265" lon="-69.680520510301">
        <ele>1618.96</ele>
      </trkpt>
      <trkpt lat="-35.465840036049485" lon="-69.68043392524123">
        <ele>1618.43</ele>
      </trkpt>
      <trkpt lat="-35.46578396111727" lon="-69.68041355721653">
        <ele>1617.96</ele>
      </trkpt>
      <trkpt lat="-35.46571858227253" lon="-69.68041992746294">
        <ele>1617.48</ele>
      </trkpt>
      <trkpt lat="-35.46565219759941" lon="-69.6804198436439">
        <ele>1616.99</ele>
      </trkpt>
      <trkpt lat="-35.465582460165024" lon="-69.68042386695743">
        <ele>1616.5</ele>
      </trkpt>
      <trkpt lat="-35.465515572577715" lon="-69.6804393734783">
        <ele>1616.02</ele>
      </trkpt>
      <trkpt lat="-35.4653730802238" lon="-69.68046410009265">
        <ele>1615.54</ele>
      </trkpt>
      <trkpt lat="-35.465219020843506" lon="-69.680509949103">
        <ele>1615.02</ele>
      </trkpt>
      <trkpt lat="-35.46515313908458" lon="-69.68052922748029">
        <ele>1614.54</ele>
      </trkpt>
      <trkpt lat="-35.46508390456438" lon="-69.68056510202587">
        <ele>1614.08</ele>
      </trkpt>
      <trkpt lat="-35.465008886530995" lon="-69.68058438040316">
        <ele>1613.65</ele>
      </trkpt>
      <trkpt lat="-35.46485281549394" lon="-69.68062486499548">
        <ele>1613.21</ele>
      </trkpt>
      <trkpt lat="-35.46468417160213" lon="-69.68065529130399">
        <ele>1612.84</ele>
      </trkpt>
      <trkpt lat="-35.46451787464321" lon="-69.68068378977478">
        <ele>1612.55</ele>
      </trkpt>
      <trkpt lat="-35.46443246304989" lon="-69.68068026937544">
        <ele>1612.22</ele>
      </trkpt>
      <trkpt lat="-35.464343782514334" lon="-69.68068680725992">
        <ele>1611.98</ele>
      </trkpt>
      <trkpt lat="-35.46411043033004" lon="-69.68067649751902">
        <ele>1611.76</ele>
      </trkpt>
      <trkpt lat="-35.464041614905" lon="-69.6806653495878">
        <ele>1611.59</ele>
      </trkpt>
      <trkpt lat="-35.46396885998547" lon="-69.68067574314773">
        <ele>1611.48</ele>
      </trkpt>
      <trkpt lat="-35.46382133848965" lon="-69.68066794797778">
        <ele>1611.37</ele>
      </trkpt>
      <trkpt lat="-35.46375520527363" lon="-69.680644730106">
        <ele>1611.31</ele>
      </trkpt>
      <trkpt lat="-35.463618747889996" lon="-69.68063366599381">
        <ele>1611.29</ele>
      </trkpt>
      <trkpt lat="-35.46339478343725" lon="-69.68061313033104">
        <ele>1611.34</ele>
      </trkpt>
      <trkpt lat="-35.463325548917055" lon="-69.68059184029698">
        <ele>1611.44</ele>
      </trkpt>
      <trkpt lat="-35.46319780871272" lon="-69.68056065961719">
        <ele>1611.55</ele>
      </trkpt>
      <trkpt lat="-35.46307560056448" lon="-69.68056736513972">
        <ele>1611.72</ele>
      </trkpt>
      <trkpt lat="-35.46281668357551" lon="-69.68055856414139">
        <ele>1612.0</ele>
      </trkpt>
      <trkpt lat="-35.462549552321434" lon="-69.68053752556443">
        <ele>1612.42</ele>
      </trkpt>
      <trkpt lat="-35.46245072968304" lon="-69.68051053583622">
        <ele>1612.77</ele>
      </trkpt>
      <trkpt lat="-35.46235391870141" lon="-69.68049326911569">
        <ele>1613.16</ele>
      </trkpt>
      <trkpt lat="-35.46222039498389" lon="-69.68048362992704">
        <ele>1613.58</ele>
      </trkpt>
      <trkpt lat="-35.46212710440159" lon="-69.68045940622687">
        <ele>1613.95</ele>
      </trkpt>
      <trkpt lat="-35.46203934587538" lon="-69.68043526634574">
        <ele>1614.32</ele>
      </trkpt>
      <trkpt lat="-35.46191990375519" lon="-69.68041582033038">
        <ele>1614.69</ele>
      </trkpt>
      <trkpt lat="-35.46188226900995" lon="-69.68040257692337">
        <ele>1615.05</ele>
      </trkpt>
      <trkpt lat="-35.461776070296764" lon="-69.68038162216544">
        <ele>1615.41</ele>
      </trkpt>
      <trkpt lat="-35.46170499175787" lon="-69.68036728911102">
        <ele>1615.76</ele>
      </trkpt>
      <trkpt lat="-35.46159518882632" lon="-69.68032789416611">
        <ele>1616.11</ele>
      </trkpt>
      <trkpt lat="-35.4615324921906" lon="-69.68029277399182">
        <ele>1616.44</ele>
      </trkpt>
      <trkpt lat="-35.46138170175254" lon="-69.68021993525326">
        <ele>1616.78</ele>
      </trkpt>
      <trkpt lat="-35.461346162483096" lon="-69.68021507374942">
        <ele>1617.08</ele>
      </trkpt>
      <trkpt lat="-35.46131690964103" lon="-69.68020778149366">
        <ele>1617.36</ele>
      </trkpt>
      <trkpt lat="-35.461221691221" lon="-69.68018271960318">
        <ele>1617.63</ele>
      </trkpt>
      <trkpt lat="-35.46116100624204" lon="-69.68015564605594">
        <ele>1617.88</ele>
      </trkpt>
      <trkpt lat="-35.46106981113553" lon="-69.68010317534208">
        <ele>1618.13</ele>
      </trkpt>
      <trkpt lat="-35.46105355024338" lon="-69.68006319366395">
        <ele>1618.36</ele>
      </trkpt>
      <trkpt lat="-35.46099747531116" lon="-69.67991835437715">
        <ele>1618.58</ele>
      </trkpt>
      <trkpt lat="-35.46096193604171" lon="-69.67981668189168">
        <ele>1618.82</ele>
      </trkpt>
      <trkpt lat="-35.4609486926347" lon="-69.67978985980153">
        <ele>1619.05</ele>
      </trkpt>
      <trkpt lat="-35.46092069707811" lon="-69.67974007129669">
        <ele>1619.28</ele>
      </trkpt>
      <trkpt lat="-35.460872584953904" lon="-69.67965742573142">
        <ele>1619.52</ele>
      </trkpt>
      <trkpt lat="-35.46080234460533" lon="-69.67955818399787">
        <ele>1619.78</ele>
      </trkpt>
      <trkpt lat="-35.460706958547235" lon="-69.67951560392976">
        <ele>1620.09</ele>
      </trkpt>
      <trkpt lat="-35.46058516949415" lon="-69.67943631112576">
        <ele>1620.4</ele>
      </trkpt>
      <trkpt lat="-35.46049615368247" lon="-69.6793079841882">
        <ele>1620.66</ele>
      </trkpt>
      <trkpt lat="-35.46038559637964" lon="-69.67920396476984">
        <ele>1620.91</ele>
      </trkpt>
      <trkpt lat="-35.46024980954826" lon="-69.67911419458687">
        <ele>1621.19</ele>
      </trkpt>
      <trkpt lat="-35.46018308959901" lon="-69.67908913269639">
        <ele>1621.48</ele>
      </trkpt>
      <trkpt lat="-35.46016146428883" lon="-69.67909801751375">
        <ele>1621.78</ele>
      </trkpt>
      <trkpt lat="-35.46013439074159" lon="-69.67910908162594">
        <ele>1622.11</ele>
      </trkpt>
      <trkpt lat="-35.460045626387" lon="-69.67916582711041">
        <ele>1622.47</ele>
      </trkpt>
      <trkpt lat="-35.46001838520169" lon="-69.67917655594647">
        <ele>1622.83</ele>
      </trkpt>
      <trkpt lat="-35.45986348763108" lon="-69.67924688011408">
        <ele>1623.24</ele>
      </trkpt>
      <trkpt lat="-35.45980900526047" lon="-69.67926758341491">
        <ele>1623.64</ele>
      </trkpt>
      <trkpt lat="-35.45968243852258" lon="-69.6793214790523">
        <ele>1624.08</ele>
      </trkpt>
      <trkpt lat="-35.45962678268552" lon="-69.67934528365731">
        <ele>1624.52</ele>
      </trkpt>
      <trkpt lat="-35.4595482442528" lon="-69.6793801523745">
        <ele>1624.97</ele>
      </trkpt>
      <trkpt lat="-35.4595017246902" lon="-69.67939557507634">
        <ele>1625.39</ele>
      </trkpt>
      <trkpt lat="-35.459400806576014" lon="-69.67942994087934">
        <ele>1625.83</ele>
      </trkpt>
      <trkpt lat="-35.45920701697469" lon="-69.67949414625764">
        <ele>1626.24</ele>
      </trkpt>
      <trkpt lat="-35.459016831591725" lon="-69.67959062196314">
        <ele>1626.65</ele>
      </trkpt>
      <trkpt lat="-35.45885036699474" lon="-69.67966605909169">
        <ele>1627.06</ele>
      </trkpt>
      <trkpt lat="-35.45881927013397" lon="-69.6796756144613">
        <ele>1627.46</ele>
      </trkpt>
      <trkpt lat="-35.45866613276303" lon="-69.6797466930002">
        <ele>1627.89</ele>
      </trkpt>
      <trkpt lat="-35.458481311798096" lon="-69.6798365470022">
        <ele>1628.3</ele>
      </trkpt>
      <trkpt lat="-35.45844870619476" lon="-69.67985515482724">
        <ele>1628.68</ele>
      </trkpt>
      <trkpt lat="-35.458258017897606" lon="-69.6799229644239">
        <ele>1629.06</ele>
      </trkpt>
      <trkpt lat="-35.45808996073902" lon="-69.67999370768666">
        <ele>1629.43</ele>
      </trkpt>
      <trkpt lat="-35.45802919194102" lon="-69.68002505600452">
        <ele>1629.8</ele>
      </trkpt>
      <trkpt lat="-35.457865577191114" lon="-69.6800831425935">
        <ele>1630.22</ele>
      </trkpt>
      <trkpt lat="-35.45767329633236" lon="-69.68018280342221">
        <ele>1630.63</ele>
      </trkpt>
      <trkpt lat="-35.45753373764455" lon="-69.68022990971804">
        <ele>1630.99</ele>
      </trkpt>
      <trkpt lat="-35.45743390917778" lon="-69.68026033602655">
        <ele>1631.35</ele>
      </trkpt>
      <trkpt lat="-35.457249423488975" lon="-69.68033166602254">
        <ele>1631.69</ele>
      </trkpt>
      <trkpt lat="-35.457215141505" lon="-69.68035597354174">
        <ele>1632.04</ele>
      </trkpt>
      <trkpt lat="-35.45706351287663" lon="-69.68043459579349">
        <ele>1632.36</ele>
      </trkpt>
      <trkpt lat="-35.456848265603185" lon="-69.68051766045392">
        <ele>1632.75</ele>
      </trkpt>
      <trkpt lat="-35.45680895447731" lon="-69.68053635209799">
        <ele>1633.15</ele>
      </trkpt>
      <trkpt lat="-35.45677173882723" lon="-69.68056141398847">
        <ele>1633.57</ele>
      </trkpt>
      <trkpt lat="-35.45665657147765" lon="-69.68060935847461">
        <ele>1634.03</ele>
      </trkpt>
      <trkpt lat="-35.45657375827432" lon="-69.68063768930733">
        <ele>1634.49</ele>
      </trkpt>
      <trkpt lat="-35.45653536915779" lon="-69.68066132627428">
        <ele>1634.95</ele>
      </trkpt>
      <trkpt lat="-35.456460770219564" lon="-69.68070700764656">
        <ele>1635.44</ele>
      </trkpt>
      <trkpt lat="-35.45639036223292" lon="-69.6807547006756">
        <ele>1635.97</ele>
      </trkpt>
      <trkpt lat="-35.45620269142091" lon="-69.68081974424422">
        <ele>1636.49</ele>
      </trkpt>
      <trkpt lat="-35.45613471418619" lon="-69.68084916472435">
        <ele>1636.99</ele>
      </trkpt>
      <trkpt lat="-35.45602574944496" lon="-69.68089124187827">
        <ele>1637.49</ele>
      </trkpt>
      <trkpt lat="-35.45599825680256" lon="-69.6809085085988">
        <ele>1637.98</ele>
      </trkpt>
      <trkpt lat="-35.45585936866701" lon="-69.68097128905356">
        <ele>1638.48</ele>
      </trkpt>
      <trkpt lat="-35.45564839616418" lon="-69.6810483187437">
        <ele>1638.99</ele>
      </trkpt>
      <trkpt lat="-35.45561629347503" lon="-69.68106248416007">
        <ele>1639.49</ele>
      </trkpt>
      <trkpt lat="-35.455494755879045" lon="-69.68112199567258">
        <ele>1640.02</ele>
      </trkpt>
      <trkpt lat="-35.455464497208595" lon="-69.6811333950609">
        <ele>1640.5</ele>
      </trkpt>
      <trkpt lat="-35.45537615194917" lon="-69.68117421492934">
        <ele>1640.99</ele>
      </trkpt>
      <trkpt lat="-35.45525553636253" lon="-69.68123422935605">
        <ele>1641.48</ele>
      </trkpt>
      <trkpt lat="-35.45516274869442" lon="-69.68126582913101">
        <ele>1641.89</ele>
      </trkpt>
      <trkpt lat="-35.45506250113249" lon="-69.68129985965788">
        <ele>1642.27</ele>
      </trkpt>
      <trkpt lat="-35.45500885695219" lon="-69.68132793903351">
        <ele>1642.61</ele>
      </trkpt>
      <trkpt lat="-35.45492151752114" lon="-69.68137144111097">
        <ele>1642.91</ele>
      </trkpt>
      <trkpt lat="-35.45479830354452" lon="-69.68142768368125">
        <ele>1643.19</ele>
      </trkpt>
      <trkpt lat="-35.45469797216356" lon="-69.68146221712232">
        <ele>1643.4</ele>
      </trkpt>
      <trkpt lat="-35.45454081147909" lon="-69.68152390792966">
        <ele>1643.52</ele>
      </trkpt>
      <trkpt lat="-35.454507283866405" lon="-69.68152767978609">
        <ele>1643.6</ele>
      </trkpt>
      <trkpt lat="-35.454314751550555" lon="-69.68158207833767">
        <ele>1643.58</ele>
      </trkpt>
      <trkpt lat="-35.45424518175423" lon="-69.6816273406148">
        <ele>1643.55</ele>
      </trkpt>
      <trkpt lat="-35.45422355644405" lon="-69.68164318241179">
        <ele>1643.47</ele>
      </trkpt>
      <trkpt lat="-35.45419472269714" lon="-69.6816429309547">
        <ele>1643.33</ele>
      </trkpt>
      <trkpt lat="-35.45414602383971" lon="-69.6816234011203">
        <ele>1643.14</ele>
      </trkpt>
      <trkpt lat="-35.45405072160065" lon="-69.68160227872431">
        <ele>1642.9</ele>
      </trkpt>
      <trkpt lat="-35.454037142917514" lon="-69.68161434866488">
        <ele>1642.61</ele>
      </trkpt>
      <trkpt lat="-35.453970758244395" lon="-69.68159649521112">
        <ele>1642.26</ele>
      </trkpt>
      <trkpt lat="-35.45394158922136" lon="-69.68159557320178">
        <ele>1641.86</ele>
      </trkpt>
      <trkpt lat="-35.4538341332227" lon="-69.68158618547022">
        <ele>1641.4</ele>
      </trkpt>
      <trkpt lat="-35.45371728949249" lon="-69.6815663203597">
        <ele>1640.89</ele>
      </trkpt>
      <trkpt lat="-35.453631626442075" lon="-69.68155575916171">
        <ele>1640.32</ele>
      </trkpt>
      <trkpt lat="-35.453586699441075" lon="-69.68155827373266">
        <ele>1639.7</ele>
      </trkpt>
      <trkpt lat="-35.45348854735494" lon="-69.68156020157039">
        <ele>1639.02</ele>
      </trkpt>
      <trkpt lat="-35.45338318683207" lon="-69.68154653906822">
        <ele>1638.29</ele>
      </trkpt>
      <trkpt lat="-35.45320398174226" lon="-69.68155056238174">
        <ele>1637.45</ele>
      </trkpt>
      <trkpt lat="-35.453069284558296" lon="-69.68152700923383">
        <ele>1636.59</ele>
      </trkpt>
      <trkpt lat="-35.452925115823746" lon="-69.68150898814201">
        <ele>1635.7</ele>
      </trkpt>
      <trkpt lat="-35.45276979915798" lon="-69.68149960041046">
        <ele>1634.78</ele>
      </trkpt>
      <trkpt lat="-35.45260677114129" lon="-69.68151217326522">
        <ele>1633.84</ele>
      </trkpt>
      <trkpt lat="-35.452522449195385" lon="-69.68150613829494">
        <ele>1632.9</ele>
      </trkpt>
      <trkpt lat="-35.45235053636134" lon="-69.6814975887537">
        <ele>1631.92</ele>
      </trkpt>
      <trkpt lat="-35.45208935625851" lon="-69.6814840938896">
        <ele>1630.93</ele>
      </trkpt>
      <trkpt lat="-35.45173949562013" lon="-69.6814529132098">
        <ele>1629.99</ele>
      </trkpt>
      <trkpt lat="-35.451652240008116" lon="-69.68145014718175">
        <ele>1629.09</ele>
      </trkpt>
      <trkpt lat="-35.45139114372432" lon="-69.6814426034689">
        <ele>1628.08</ele>
      </trkpt>
      <trkpt lat="-35.451203137636185" lon="-69.68145090155303">
        <ele>1627.12</ele>
      </trkpt>
      <trkpt lat="-35.451010186225176" lon="-69.68143405392766">
        <ele>1626.18</ele>
      </trkpt>
      <trkpt lat="-35.45081455260515" lon="-69.68144268728793">
        <ele>1625.26</ele>
      </trkpt>
      <trkpt lat="-35.45062453486025" lon="-69.68144981190562">
        <ele>1624.41</ele>
      </trkpt>
      <trkpt lat="-35.45052948407829" lon="-69.68144143000245">
        <ele>1623.6</ele>
      </trkpt>
      <trkpt lat="-35.45043141581118" lon="-69.68143464066088">
        <ele>1622.84</ele>
      </trkpt>
      <trkpt lat="-35.45024030841887" lon="-69.68139960430562">
        <ele>1622.1</ele>
      </trkpt>
      <trkpt lat="-35.45014793984592" lon="-69.68137973919511">
        <ele>1621.38</ele>
      </trkpt>
      <trkpt lat="-35.44996823184192" lon="-69.68136842362583">
        <ele>1620.65</ele>
      </trkpt>
      <trkpt lat="-35.44961585663259" lon="-69.6813059784472">
        <ele>1619.96</ele>
      </trkpt>
      <trkpt lat="-35.44944101013243" lon="-69.68130430206656">
        <ele>1619.29</ele>
      </trkpt>
      <trkpt lat="-35.44926398433745" lon="-69.68127337284386">
        <ele>1618.65</ele>
      </trkpt>
      <trkpt lat="-35.44903038069606" lon="-69.68120296485722">
        <ele>1618.0</ele>
      </trkpt>
      <trkpt lat="-35.44895804487169" lon="-69.68118796125054">
        <ele>1617.38</ele>
      </trkpt>
      <trkpt lat="-35.44875402934849" lon="-69.68113364651799">
        <ele>1616.72</ele>
      </trkpt>
      <trkpt lat="-35.448688147589564" lon="-69.68113054521382">
        <ele>1616.1</ele>
      </trkpt>
      <trkpt lat="-35.44855495914817" lon="-69.68109969981015">
        <ele>1615.47</ele>
      </trkpt>
      <trkpt lat="-35.44816746376455" lon="-69.68099232763052">
        <ele>1614.81</ele>
      </trkpt>
      <trkpt lat="-35.44809470884502" lon="-69.68099584802985">
        <ele>1614.23</ele>
      </trkpt>
      <trkpt lat="-35.44801742769778" lon="-69.68099232763052">
        <ele>1613.64</ele>
      </trkpt>
      <trkpt lat="-35.44794224202633" lon="-69.68096852302551">
        <ele>1613.06</ele>
      </trkpt>
      <trkpt lat="-35.447868816554546" lon="-69.68096190132201">
        <ele>1612.48</ele>
      </trkpt>
      <trkpt lat="-35.447787176817656" lon="-69.68095469288528">
        <ele>1611.89</ele>
      </trkpt>
      <trkpt lat="-35.44770888984203" lon="-69.68094857409596">
        <ele>1611.32</ele>
      </trkpt>
      <trkpt lat="-35.44754561036825" lon="-69.68094111420214">
        <ele>1610.72</ele>
      </trkpt>
      <trkpt lat="-35.44737461954355" lon="-69.68091261573136">
        <ele>1610.15</ele>
      </trkpt>
      <trkpt lat="-35.447288285940886" lon="-69.68091202899814">
        <ele>1609.61</ele>
      </trkpt>
      <trkpt lat="-35.447106063365936" lon="-69.68090423382819">
        <ele>1609.06</ele>
      </trkpt>
      <trkpt lat="-35.44708024710417" lon="-69.68094538897276">
        <ele>1608.58</ele>
      </trkpt>
      <trkpt lat="-35.44706482440233" lon="-69.68099425546825">
        <ele>1608.11</ele>
      </trkpt>
      <trkpt lat="-35.447040097787976" lon="-69.68104446306825">
        <ele>1607.65</ele>
      </trkpt>
      <trkpt lat="-35.44700279831886" lon="-69.6810866240412">
        <ele>1607.21</ele>
      </trkpt>
      <trkpt lat="-35.44691034592688" lon="-69.68116700649261">
        <ele>1606.76</ele>
      </trkpt>
      <trkpt lat="-35.446858210489154" lon="-69.68121092766523">
        <ele>1606.32</ele>
      </trkpt>
      <trkpt lat="-35.44681739062071" lon="-69.68126582913101">
        <ele>1605.89</ele>
      </trkpt>
      <trkpt lat="-35.446765422821045" lon="-69.68140630982816">
        <ele>1605.46</ele>
      </trkpt>
      <trkpt lat="-35.446710269898176" lon="-69.68157059513032">
        <ele>1605.01</ele>
      </trkpt>
      <trkpt lat="-35.44669442810118" lon="-69.68165734782815">
        <ele>1604.64</ele>
      </trkpt>
      <trkpt lat="-35.44668395072222" lon="-69.68174368143082">
        <ele>1604.28</ele>
      </trkpt>
      <trkpt lat="-35.44668646529317" lon="-69.68183169141412">
        <ele>1603.95</ele>
      </trkpt>
      <trkpt lat="-35.446691662073135" lon="-69.68192213214934">
        <ele>1603.62</ele>
      </trkpt>
      <trkpt lat="-35.446686800569296" lon="-69.68202095478773">
        <ele>1603.31</ele>
      </trkpt>
      <trkpt lat="-35.44668537564576" lon="-69.6821178495884">
        <ele>1603.01</ele>
      </trkpt>
      <trkpt lat="-35.446667270734906" lon="-69.6823213621974">
        <ele>1602.7</ele>
      </trkpt>
      <trkpt lat="-35.446674982085824" lon="-69.68242781236768">
        <ele>1602.43</ele>
      </trkpt>
      <trkpt lat="-35.44667984358966" lon="-69.6825375314802">
        <ele>1602.16</ele>
      </trkpt>
      <trkpt lat="-35.446693589910865" lon="-69.682880602777">
        <ele>1601.92</ele>
      </trkpt>
      <trkpt lat="-35.446695517748594" lon="-69.68308017589152">
        <ele>1601.69</ele>
      </trkpt>
      <trkpt lat="-35.44663860462606" lon="-69.68318997882307">
        <ele>1601.43</ele>
      </trkpt>
      <trkpt lat="-35.446532322093844" lon="-69.68322426080704">
        <ele>1601.17</ele>
      </trkpt>
      <trkpt lat="-35.44647792354226" lon="-69.6832265239209">
        <ele>1600.91</ele>
      </trkpt>
      <trkpt lat="-35.44642503373325" lon="-69.68324982561171">
        <ele>1600.64</ele>
      </trkpt>
      <trkpt lat="-35.44636954553425" lon="-69.68327287584543">
        <ele>1600.36</ele>
      </trkpt>
      <trkpt lat="-35.446313889697194" lon="-69.68330489471555">
        <ele>1600.07</ele>
      </trkpt>
      <trkpt lat="-35.44626225717366" lon="-69.6833420265466">
        <ele>1599.77</ele>
      </trkpt>
      <trkpt lat="-35.446100821718574" lon="-69.68343330547214">
        <ele>1599.47</ele>
      </trkpt>
      <trkpt lat="-35.445990012958646" lon="-69.68346356414258">
        <ele>1599.11</ele>
      </trkpt>
      <trkpt lat="-35.44587434269488" lon="-69.68346456997097">
        <ele>1598.7</ele>
      </trkpt>
      <trkpt lat="-35.44563638046384" lon="-69.68345115892589">
        <ele>1598.23</ele>
      </trkpt>
      <trkpt lat="-35.44547192752361" lon="-69.68343900516629">
        <ele>1597.76</ele>
      </trkpt>
      <trkpt lat="-35.445417361333966" lon="-69.68344478867948">
        <ele>1597.28</ele>
      </trkpt>
      <trkpt lat="-35.4452980030328" lon="-69.68343925662339">
        <ele>1596.75</ele>
      </trkpt>
      <trkpt lat="-35.44523572549224" lon="-69.68344478867948">
        <ele>1596.2</ele>
      </trkpt>
      <trkpt lat="-35.44504134915769" lon="-69.68343414366245">
        <ele>1595.56</ele>
      </trkpt>
      <trkpt lat="-35.4446851182729" lon="-69.683385360986">
        <ele>1594.89</ele>
      </trkpt>
      <trkpt lat="-35.44453793205321" lon="-69.68336650170386">
        <ele>1594.26</ele>
      </trkpt>
      <trkpt lat="-35.444463500753045" lon="-69.68337857164443">
        <ele>1593.64</ele>
      </trkpt>
      <trkpt lat="-35.444387309253216" lon="-69.68339055776596">
        <ele>1593.0</ele>
      </trkpt>
      <trkpt lat="-35.4442345071584" lon="-69.68339759856462">
        <ele>1592.34</ele>
      </trkpt>
      <trkpt lat="-35.44407483190298" lon="-69.68338469043374">
        <ele>1591.67</ele>
      </trkpt>
      <trkpt lat="-35.44399352744222" lon="-69.68337488360703">
        <ele>1591.0</ele>
      </trkpt>
      <trkpt lat="-35.44375439174473" lon="-69.68337697908282">
        <ele>1590.28</ele>
      </trkpt>
      <trkpt lat="-35.44367493130267" lon="-69.683369519189">
        <ele>1589.6</ele>
      </trkpt>
      <trkpt lat="-35.443523386493325" lon="-69.68339273706079">
        <ele>1588.92</ele>
      </trkpt>
      <trkpt lat="-35.443455493077636" lon="-69.68341352418065">
        <ele>1588.29</ele>
      </trkpt>
      <trkpt lat="-35.44338818639517" lon="-69.68344763852656">
        <ele>1587.68</ele>
      </trkpt>
      <trkpt lat="-35.44310973957181" lon="-69.68354788608849">
        <ele>1587.04</ele>
      </trkpt>
      <trkpt lat="-35.44296657666564" lon="-69.68359541147947">
        <ele>1586.44</ele>
      </trkpt>
      <trkpt lat="-35.44284696690738" lon="-69.68365852721035">
        <ele>1585.8</ele>
      </trkpt>
      <trkpt lat="-35.44272073544562" lon="-69.68373262323439">
        <ele>1585.19</ele>
      </trkpt>
      <trkpt lat="-35.44259031303227" lon="-69.68382071703672">
        <ele>1584.61</ele>
      </trkpt>
      <trkpt lat="-35.44244019314647" lon="-69.68387151136994">
        <ele>1584.04</ele>
      </trkpt>
      <trkpt lat="-35.44234740547836" lon="-69.68387922272086">
        <ele>1583.54</ele>
      </trkpt>
      <trkpt lat="-35.44225662946701" lon="-69.68389078974724">
        <ele>1583.09</ele>
      </trkpt>
      <trkpt lat="-35.4421778395772" lon="-69.68388341367245">
        <ele>1582.69</ele>
      </trkpt>
      <trkpt lat="-35.44210114516318" lon="-69.6838703379035">
        <ele>1582.34</ele>
      </trkpt>
      <trkpt lat="-35.441702250391245" lon="-69.6838182862848">
        <ele>1581.98</ele>
      </trkpt>
      <trkpt lat="-35.44162815436721" lon="-69.68381837010384">
        <ele>1581.74</ele>
      </trkpt>
      <trkpt lat="-35.441553220152855" lon="-69.68381711281836">
        <ele>1581.56</ele>
      </trkpt>
      <trkpt lat="-35.441411565989256" lon="-69.6838013548404">
        <ele>1581.46</ele>
      </trkpt>
      <trkpt lat="-35.44127603061497" lon="-69.68377134762704">
        <ele>1581.41</ele>
      </trkpt>
      <trkpt lat="-35.44121048413217" lon="-69.6837699227035">
        <ele>1581.4</ele>
      </trkpt>
      <trkpt lat="-35.44108576141298" lon="-69.68374838121235">
        <ele>1581.44</ele>
      </trkpt>
      <trkpt lat="-35.440968330949545" lon="-69.68374201096594">
        <ele>1581.54</ele>
      </trkpt>
      <trkpt lat="-35.440858444198966" lon="-69.68373907729983">
        <ele>1581.65</ele>
      </trkpt>
      <trkpt lat="-35.44080379419029" lon="-69.6837234031409">
        <ele>1581.77</ele>
      </trkpt>
      <trkpt lat="-35.44064068235457" lon="-69.68365643173456">
        <ele>1581.92</ele>
      </trkpt>
      <trkpt lat="-35.44058804400265" lon="-69.6836351417005">
        <ele>1582.05</ele>
      </trkpt>
      <trkpt lat="-35.44053087942302" lon="-69.68361167237163">
        <ele>1582.19</ele>
      </trkpt>
      <trkpt lat="-35.44042065739632" lon="-69.68357311561704">
        <ele>1582.32</ele>
      </trkpt>
      <trkpt lat="-35.440310603007674" lon="-69.68354411423206">
        <ele>1582.46</ele>
      </trkpt>
      <trkpt lat="-35.44025519862771" lon="-69.68352802097797">
        <ele>1582.59</ele>
      </trkpt>
      <trkpt lat="-35.43997650034726" lon="-69.68347462825477">
        <ele>1582.66</ele>
      </trkpt>
      <trkpt lat="-35.43992503546178" lon="-69.68346465379">
        <ele>1582.76</ele>
      </trkpt>
      <trkpt lat="-35.43987122364342" lon="-69.68344981782138">
        <ele>1582.84</ele>
      </trkpt>
      <trkpt lat="-35.439820094034076" lon="-69.6834231633693">
        <ele>1582.9</ele>
      </trkpt>
      <trkpt lat="-35.43972202576697" lon="-69.68336499296129">
        <ele>1582.94</ele>
      </trkpt>
      <trkpt lat="-35.43962152674794" lon="-69.6833209041506">
        <ele>1582.95</ele>
      </trkpt>
      <trkpt lat="-35.439467718824744" lon="-69.68327228911221">
        <ele>1582.95</ele>
      </trkpt>
      <trkpt lat="-35.43936311267316" lon="-69.68325099907815">
        <ele>1582.94</ele>
      </trkpt>
      <trkpt lat="-35.43930762447417" lon="-69.6832384262234">
        <ele>1582.9</ele>
      </trkpt>
      <trkpt lat="-35.439151637256145" lon="-69.68320984393358">
        <ele>1582.84</ele>
      </trkpt>
      <trkpt lat="-35.438985005021095" lon="-69.6831932477653">
        <ele>1582.72</ele>
      </trkpt>
      <trkpt lat="-35.43887394480407" lon="-69.68318235129118">
        <ele>1582.59</ele>
      </trkpt>
      <trkpt lat="-35.43870622292161" lon="-69.68315804377198">
        <ele>1582.54</ele>
      </trkpt>
      <trkpt lat="-35.438495334237814" lon="-69.68311320059001">
        <ele>1582.45</ele>
      </trkpt>
      <trkpt lat="-35.43834806419909" lon="-69.68307204544544">
        <ele>1582.31</ele>
      </trkpt>
      <trkpt lat="-35.43832224793732" lon="-69.68305955640972">
        <ele>1582.12</ele>
      </trkpt>
      <trkpt lat="-35.43822350911796" lon="-69.68303684145212">
        <ele>1581.88</ele>
      </trkpt>
      <trkpt lat="-35.43804606422782" lon="-69.68298956751823">
        <ele>1581.57</ele>
      </trkpt>
      <trkpt lat="-35.43788580223918" lon="-69.68296484090388">
        <ele>1581.22</ele>
      </trkpt>
      <trkpt lat="-35.43779921717942" lon="-69.68294715508819">
        <ele>1580.9</ele>
      </trkpt>
      <trkpt lat="-35.437710620462894" lon="-69.68292620033026">
        <ele>1580.6</ele>
      </trkpt>
      <trkpt lat="-35.437662256881595" lon="-69.68291932716966">
        <ele>1580.33</ele>
      </trkpt>
      <trkpt lat="-35.43741825968027" lon="-69.68289099633694">
        <ele>1580.01</ele>
      </trkpt>
      <trkpt lat="-35.43728088028729" lon="-69.68288227915764">
        <ele>1579.74</ele>
      </trkpt>
      <trkpt lat="-35.43723142705858" lon="-69.68288286589086">
        <ele>1579.49</ele>
      </trkpt>
      <trkpt lat="-35.43713436461985" lon="-69.68286425806582">
        <ele>1579.24</ele>
      </trkpt>
      <trkpt lat="-35.43703361414373" lon="-69.68285755254328">
        <ele>1578.98</ele>
      </trkpt>
      <trkpt lat="-35.436983071267605" lon="-69.68284975737333">
        <ele>1578.73</ele>
      </trkpt>
      <trkpt lat="-35.4369333665818" lon="-69.68284757807851">
        <ele>1578.48</ele>
      </trkpt>
      <trkpt lat="-35.436833538115025" lon="-69.68283852562308">
        <ele>1578.23</ele>
      </trkpt>
      <trkpt lat="-35.43668366968632" lon="-69.68281522393227">
        <ele>1577.98</ele>
      </trkpt>
      <trkpt lat="-35.43643112294376" lon="-69.68274163082242">
        <ele>1577.76</ele>
      </trkpt>
      <trkpt lat="-35.436380580067635" lon="-69.6827252022922">
        <ele>1577.51</ele>
      </trkpt>
      <trkpt lat="-35.43633162975311" lon="-69.6827096119523">
        <ele>1577.26</ele>
      </trkpt>
      <trkpt lat="-35.43628452345729" lon="-69.68269284814596">
        <ele>1577.01</ele>
      </trkpt>
      <trkpt lat="-35.436235908418894" lon="-69.68267784453928">
        <ele>1576.75</ele>
      </trkpt>
      <trkpt lat="-35.43594270944595" lon="-69.68263459391892">
        <ele>1576.49</ele>
      </trkpt>
      <trkpt lat="-35.43562151491642" lon="-69.68260735273361">
        <ele>1576.15</ele>
      </trkpt>
      <trkpt lat="-35.43540987186134" lon="-69.68254113569856">
        <ele>1575.77</ele>
      </trkpt>
      <trkpt lat="-35.435365196317434" lon="-69.6825253777206">
        <ele>1575.47</ele>
      </trkpt>
      <trkpt lat="-35.43524734675884" lon="-69.68245974741876">
        <ele>1575.13</ele>
      </trkpt>
      <trkpt lat="-35.435162438079715" lon="-69.68240316957235">
        <ele>1574.84</ele>
      </trkpt>
      <trkpt lat="-35.434953309595585" lon="-69.6822693105787">
        <ele>1574.54</ele>
      </trkpt>
      <trkpt lat="-35.43469900265336" lon="-69.68218985013664">
        <ele>1574.4</ele>
      </trkpt>
      <trkpt lat="-35.43446187861264" lon="-69.68215389177203">
        <ele>1574.22</ele>
      </trkpt>
      <trkpt lat="-35.43441276066005" lon="-69.68214886263013">
        <ele>1574.01</ele>
      </trkpt>
      <trkpt lat="-35.43406767770648" lon="-69.68210988678038">
        <ele>1573.76</ele>
      </trkpt>
      <trkpt lat="-35.433817980811" lon="-69.68202003277838">
        <ele>1573.57</ele>
      </trkpt>
      <trkpt lat="-35.43376928195357" lon="-69.68199530616403">
        <ele>1573.38</ele>
      </trkpt>
      <trkpt lat="-35.43372611515224" lon="-69.68196454457939">
        <ele>1573.18</ele>
      </trkpt>
      <trkpt lat="-35.43354674242437" lon="-69.6818171069026">
        <ele>1572.95</ele>
      </trkpt>
      <trkpt lat="-35.433354461565614" lon="-69.68159138225019">
        <ele>1572.67</ele>
      </trkpt>
      <trkpt lat="-35.43332051485777" lon="-69.68154234811664">
        <ele>1572.47</ele>
      </trkpt>
      <trkpt lat="-35.43320090509951" lon="-69.68140739947557">
        <ele>1572.25</ele>
      </trkpt>
      <trkpt lat="-35.43305707164109" lon="-69.68130312860012">
        <ele>1572.08</ele>
      </trkpt>
      <trkpt lat="-35.43279379606247" lon="-69.68108016997576">
        <ele>1571.91</ele>
      </trkpt>
      <trkpt lat="-35.43257310055196" lon="-69.68091295100749">
        <ele>1571.75</ele>
      </trkpt>
      <trkpt lat="-35.43252465315163" lon="-69.68088252469897">
        <ele>1571.59</ele>
      </trkpt>
      <trkpt lat="-35.4323361441493" lon="-69.68075118027627">
        <ele>1571.44</ele>
      </trkpt>
      <trkpt lat="-35.43224545195699" lon="-69.68068932183087">
        <ele>1571.28</ele>
      </trkpt>
      <trkpt lat="-35.432154927402735" lon="-69.68063182197511">
        <ele>1571.11</ele>
      </trkpt>
      <trkpt lat="-35.43205442838371" lon="-69.68057214282453">
        <ele>1570.93</ele>
      </trkpt>
      <trkpt lat="-35.43194395489991" lon="-69.68054423108697">
        <ele>1570.74</ele>
      </trkpt>
      <trkpt lat="-35.431734658777714" lon="-69.68051112256944">
        <ele>1570.56</ele>
      </trkpt>
      <trkpt lat="-35.4316817689687" lon="-69.6804946102202">
        <ele>1570.36</ele>
      </trkpt>
      <trkpt lat="-35.43152276426554" lon="-69.68043124303222">
        <ele>1570.11</ele>
      </trkpt>
      <trkpt lat="-35.43147054500878" lon="-69.68040358275175">
        <ele>1569.87</ele>
      </trkpt>
      <trkpt lat="-35.431371638551354" lon="-69.68033493496478">
        <ele>1569.61</ele>
      </trkpt>
      <trkpt lat="-35.43132344260812" lon="-69.68029051087797">
        <ele>1569.32</ele>
      </trkpt>
      <trkpt lat="-35.43124247342348" lon="-69.68018280342221">
        <ele>1568.98</ele>
      </trkpt>
      <trkpt lat="-35.43120332993567" lon="-69.68013326637447">
        <ele>1568.66</ele>
      </trkpt>
      <trkpt lat="-35.43106955476105" lon="-69.67997560277581">
        <ele>1568.28</ele>
      </trkpt>
      <trkpt lat="-35.43103183619678" lon="-69.67992095276713">
        <ele>1567.96</ele>
      </trkpt>
      <trkpt lat="-35.43099562637508" lon="-69.67986420728266">
        <ele>1567.62</ele>
      </trkpt>
      <trkpt lat="-35.430891774594784" lon="-69.67970210127532">
        <ele>1567.25</ele>
      </trkpt>
      <trkpt lat="-35.4308252222836" lon="-69.67960285954177">
        <ele>1566.89</ele>
      </trkpt>
      <trkpt lat="-35.430783815681934" lon="-69.6795569267124">
        <ele>1566.51</ele>
      </trkpt>
      <trkpt lat="-35.43069580569863" lon="-69.67942357063293">
        <ele>1566.11</ele>
      </trkpt>
      <trkpt lat="-35.43067040853202" lon="-69.67934008687735">
        <ele>1565.71</ele>
      </trkpt>
      <trkpt lat="-35.43063939549029" lon="-69.67926288954914">
        <ele>1565.3</ele>
      </trkpt>
      <trkpt lat="-35.43058860115707" lon="-69.67900799587369">
        <ele>1564.87</ele>
      </trkpt>
      <trkpt lat="-35.43058038689196" lon="-69.67892669141293">
        <ele>1564.44</ele>
      </trkpt>
      <trkpt lat="-35.43055649846792" lon="-69.67869945801795">
        <ele>1564.04</ele>
      </trkpt>
      <trkpt lat="-35.430525317788124" lon="-69.6785600669682">
        <ele>1563.57</ele>
      </trkpt>
      <trkpt lat="-35.43044074438512" lon="-69.67810082249343">
        <ele>1562.96</ele>
      </trkpt>
      <trkpt lat="-35.43034980073571" lon="-69.67768751084805">
        <ele>1562.35</ele>
      </trkpt>
      <trkpt lat="-35.43034242466092" lon="-69.67760268598795">
        <ele>1561.85</ele>
      </trkpt>
      <trkpt lat="-35.430289870128036" lon="-69.67726036906242">
        <ele>1561.35</ele>
      </trkpt>
      <trkpt lat="-35.430269837379456" lon="-69.67709465883672">
        <ele>1560.83</ele>
      </trkpt>
      <trkpt lat="-35.43020294979215" lon="-69.67657045461237">
        <ele>1560.37</ele>
      </trkpt>
      <trkpt lat="-35.430042101070285" lon="-69.67604851350188">
        <ele>1559.9</ele>
      </trkpt>
      <trkpt lat="-35.42998191900551" lon="-69.67578582465649">
        <ele>1559.34</ele>
      </trkpt>
      <trkpt lat="-35.42997848242521" lon="-69.67569597065449">
        <ele>1558.84</ele>
      </trkpt>
      <trkpt lat="-35.42997638694942" lon="-69.67560544610023">
        <ele>1558.35</ele>
      </trkpt>
      <trkpt lat="-35.429971776902676" lon="-69.67542196623981">
        <ele>1557.88</ele>
      </trkpt>
      <trkpt lat="-35.42991788126528" lon="-69.6749737020582">
        <ele>1557.45</ele>
      </trkpt>
      <trkpt lat="-35.42988309636712" lon="-69.67489751055837">
        <ele>1557.05</ele>
      </trkpt>
      <trkpt lat="-35.4298444557935" lon="-69.67482115142047">
        <ele>1556.67</ele>
      </trkpt>
      <trkpt lat="-35.42980740778148" lon="-69.67466935515404">
        <ele>1556.31</ele>
      </trkpt>
      <trkpt lat="-35.429810928180814" lon="-69.67451462522149">
        <ele>1555.96</ele>
      </trkpt>
      <trkpt lat="-35.42980430647731" lon="-69.67435863800347">
        <ele>1555.6</ele>
      </trkpt>
      <trkpt lat="-35.42976784519851" lon="-69.6741356793791">
        <ele>1555.26</ele>
      </trkpt>
      <trkpt lat="-35.42971051298082" lon="-69.67399788089097">
        <ele>1554.94</ele>
      </trkpt>
      <trkpt lat="-35.4295939207077" lon="-69.67380467802286">
        <ele>1554.63</ele>
      </trkpt>
      <trkpt lat="-35.42957388795912" lon="-69.67372605577111">
        <ele>1554.37</ele>
      </trkpt>
      <trkpt lat="-35.429562237113714" lon="-69.67364785261452">
        <ele>1554.14</ele>
      </trkpt>
      <trkpt lat="-35.42954773642123" lon="-69.67357006855309">
        <ele>1553.93</ele>
      </trkpt>
      <trkpt lat="-35.42950230650604" lon="-69.67341533862054">
        <ele>1553.73</ele>
      </trkpt>
      <trkpt lat="-35.42946819216013" lon="-69.67334761284292">
        <ele>1553.59</ele>
      </trkpt>
      <trkpt lat="-35.42941731400788" lon="-69.67329572886229">
        <ele>1553.49</ele>
      </trkpt>
      <trkpt lat="-35.429297368973494" lon="-69.67328483238816">
        <ele>1553.4</ele>
      </trkpt>
      <trkpt lat="-35.429161582142115" lon="-69.67339497059584">
        <ele>1553.31</ele>
      </trkpt>
      <trkpt lat="-35.42905764654279" lon="-69.67346202582121">
        <ele>1553.35</ele>
      </trkpt>
      <trkpt lat="-35.42888640426099" lon="-69.67357048764825">
        <ele>1553.38</ele>
      </trkpt>
      <trkpt lat="-35.42873024940491" lon="-69.67372915707529">
        <ele>1553.41</ele>
      </trkpt>
      <trkpt lat="-35.42868305929005" lon="-69.67380233108997">
        <ele>1553.47</ele>
      </trkpt>
      <trkpt lat="-35.42864106595516" lon="-69.67387768439949">
        <ele>1553.56</ele>
      </trkpt>
      <trkpt lat="-35.42854509316385" lon="-69.67399218119681">
        <ele>1553.68</ele>
      </trkpt>
      <trkpt lat="-35.428486336022615" lon="-69.67403593473136">
        <ele>1553.81</ele>
      </trkpt>
      <trkpt lat="-35.42824996635318" lon="-69.67428160831332">
        <ele>1553.92</ele>
      </trkpt>
      <trkpt lat="-35.42820520699024" lon="-69.67432846315205">
        <ele>1554.1</ele>
      </trkpt>
      <trkpt lat="-35.42810294777155" lon="-69.67439350672066">
        <ele>1554.28</ele>
      </trkpt>
      <trkpt lat="-35.42805902659893" lon="-69.67440440319479">
        <ele>1554.48</ele>
      </trkpt>
      <trkpt lat="-35.42800563387573" lon="-69.67441177926958">
        <ele>1554.69</ele>
      </trkpt>
      <trkpt lat="-35.42777898721397" lon="-69.67442552559078">
        <ele>1554.98</ele>
      </trkpt>
      <trkpt lat="-35.427722074091434" lon="-69.67442619614303">
        <ele>1555.21</ele>
      </trkpt>
      <trkpt lat="-35.427614534273744" lon="-69.67444916255772">
        <ele>1555.43</ele>
      </trkpt>
      <trkpt lat="-35.42751177214086" lon="-69.67447623610497">
        <ele>1555.65</ele>
      </trkpt>
      <trkpt lat="-35.42745896615088" lon="-69.67449249699712">
        <ele>1555.83</ele>
      </trkpt>
      <trkpt lat="-35.42713643051684" lon="-69.67457522638142">
        <ele>1556.0</ele>
      </trkpt>
      <trkpt lat="-35.426778607070446" lon="-69.67468896880746">
        <ele>1556.14</ele>
      </trkpt>
      <trkpt lat="-35.42649697512388" lon="-69.67476574704051">
        <ele>1556.23</ele>
      </trkpt>
      <trkpt lat="-35.426034880802035" lon="-69.6748785674572">
        <ele>1556.28</ele>
      </trkpt>
      <trkpt lat="-35.42591677978635" lon="-69.6748769748956">
        <ele>1556.32</ele>
      </trkpt>
      <trkpt lat="-35.42580890469253" lon="-69.67484747059643">
        <ele>1556.34</ele>
      </trkpt>
      <trkpt lat="-35.425672279670835" lon="-69.67477262020111">
        <ele>1556.33</ele>
      </trkpt>
      <trkpt lat="-35.42563917115331" lon="-69.67472040094435">
        <ele>1556.28</ele>
      </trkpt>
      <trkpt lat="-35.42561452835798" lon="-69.67466231435537">
        <ele>1556.19</ele>
      </trkpt>
      <trkpt lat="-35.42561528272927" lon="-69.67453013174236">
        <ele>1556.06</ele>
      </trkpt>
      <trkpt lat="-35.42561209760606" lon="-69.67445737682283">
        <ele>1555.88</ele>
      </trkpt>
      <trkpt lat="-35.42560765519738" lon="-69.67415872961283">
        <ele>1555.67</ele>
      </trkpt>
      <trkpt lat="-35.425590639933944" lon="-69.6738510299474">
        <ele>1555.35</ele>
      </trkpt>
      <trkpt lat="-35.42557882145047" lon="-69.67361717484891">
        <ele>1555.0</ele>
      </trkpt>
      <trkpt lat="-35.42555384337902" lon="-69.67315382324159">
        <ele>1554.65</ele>
      </trkpt>
      <trkpt lat="-35.42554370127618" lon="-69.67274880968034">
        <ele>1554.28</ele>
      </trkpt>
      <trkpt lat="-35.42553414590657" lon="-69.67250891961157">
        <ele>1553.87</ele>
      </trkpt>
      <trkpt lat="-35.42553146369755" lon="-69.67242795042694">
        <ele>1553.4</ele>
      </trkpt>
      <trkpt lat="-35.42551905848086" lon="-69.6722624078393">
        <ele>1552.89</ele>
      </trkpt>
      <trkpt lat="-35.425517465919256" lon="-69.67217951081693">
        <ele>1552.37</ele>
      </trkpt>
      <trkpt lat="-35.42548201046884" lon="-69.671680200845">
        <ele>1551.74</ele>
      </trkpt>
      <trkpt lat="-35.42546432465315" lon="-69.67141767963767">
        <ele>1551.15</ele>
      </trkpt>
      <trkpt lat="-35.425442699342966" lon="-69.67106773518026">
        <ele>1550.53</ele>
      </trkpt>
      <trkpt lat="-35.425418224185705" lon="-69.6707221493125">
        <ele>1549.92</ele>
      </trkpt>
      <trkpt lat="-35.425413865596056" lon="-69.67053833417594">
        <ele>1549.29</ele>
      </trkpt>
      <trkpt lat="-35.425407411530614" lon="-69.67035653069615">
        <ele>1548.68</ele>
      </trkpt>
      <trkpt lat="-35.425381511449814" lon="-69.66992469504476">
        <ele>1548.04</ele>
      </trkpt>
      <trkpt lat="-35.42535301297903" lon="-69.6695841383189">
        <ele>1547.52</ele>
      </trkpt>
      <trkpt lat="-35.42533499188721" lon="-69.66931440867484">
        <ele>1546.98</ele>
      </trkpt>
      <trkpt lat="-35.42532367631793" lon="-69.66922606341541">
        <ele>1546.43</ele>
      </trkpt>
      <trkpt lat="-35.42531353421509" lon="-69.66887695714831">
        <ele>1545.81</ele>
      </trkpt>
      <trkpt lat="-35.425316048786044" lon="-69.66851276345551">
        <ele>1545.18</ele>
      </trkpt>
      <trkpt lat="-35.42531814426184" lon="-69.6684183832258">
        <ele>1544.61</ele>
      </trkpt>
      <trkpt lat="-35.42530163191259" lon="-69.66796047985554">
        <ele>1544.07</ele>
      </trkpt>
      <trkpt lat="-35.42528931051493" lon="-69.6676133852452">
        <ele>1543.49</ele>
      </trkpt>
      <trkpt lat="-35.4252821020782" lon="-69.66743677854538">
        <ele>1542.93</ele>
      </trkpt>
      <trkpt lat="-35.425263075158" lon="-69.6668989956379">
        <ele>1542.34</ele>
      </trkpt>
      <trkpt lat="-35.42526600882411" lon="-69.66671652160585">
        <ele>1541.87</ele>
      </trkpt>
      <trkpt lat="-35.425267266109586" lon="-69.66627152636647">
        <ele>1541.38</ele>
      </trkpt>
      <trkpt lat="-35.42527271434665" lon="-69.66600146144629">
        <ele>1540.85</ele>
      </trkpt>
      <trkpt lat="-35.42526802048087" lon="-69.66564740985632">
        <ele>1540.28</ele>
      </trkpt>
      <trkpt lat="-35.42525712400675" lon="-69.66512504965067">
        <ele>1539.68</ele>
      </trkpt>
      <trkpt lat="-35.42525226250291" lon="-69.6650389675051">
        <ele>1539.19</ele>
      </trkpt>
      <trkpt lat="-35.425227116793394" lon="-69.66468038968742">
        <ele>1538.66</ele>
      </trkpt>
      <trkpt lat="-35.42521823197603" lon="-69.66449707746506">
        <ele>1538.19</ele>
      </trkpt>
      <trkpt lat="-35.42520557530224" lon="-69.66431049630046">
        <ele>1537.75</ele>
      </trkpt>
      <trkpt lat="-35.42519962415099" lon="-69.66421569697559">
        <ele>1537.3</ele>
      </trkpt>
      <trkpt lat="-35.425187051296234" lon="-69.66384354047477">
        <ele>1536.82</ele>
      </trkpt>
      <trkpt lat="-35.425173891708255" lon="-69.6635539457202">
        <ele>1536.31</ele>
      </trkpt>
      <trkpt lat="-35.42516928166151" lon="-69.66345596127212">
        <ele>1535.79</ele>
      </trkpt>
      <trkpt lat="-35.42515670880675" lon="-69.66326108202338">
        <ele>1535.26</ele>
      </trkpt>
      <trkpt lat="-35.42514128610492" lon="-69.66297458857298">
        <ele>1534.68</ele>
      </trkpt>
      <trkpt lat="-35.42513315565884" lon="-69.66287735849619">
        <ele>1534.14</ele>
      </trkpt>
      <trkpt lat="-35.42511488310993" lon="-69.66258876957">
        <ele>1533.51</ele>
      </trkpt>
      <trkpt lat="-35.425091832876205" lon="-69.66210722923279">
        <ele>1532.85</ele>
      </trkpt>
      <trkpt lat="-35.42508529499173" lon="-69.66200899332762">
        <ele>1532.28</ele>
      </trkpt>
      <trkpt lat="-35.42506333440542" lon="-69.66161311604083">
        <ele>1531.66</ele>
      </trkpt>
      <trkpt lat="-35.42505193501711" lon="-69.66140834614635">
        <ele>1531.09</ele>
      </trkpt>
      <trkpt lat="-35.42501673102379" lon="-69.66081130318344">
        <ele>1530.4</ele>
      </trkpt>
      <trkpt lat="-35.42500717565417" lon="-69.66071516275406">
        <ele>1529.82</ele>
      </trkpt>
      <trkpt lat="-35.42498471215367" lon="-69.66024284251034">
        <ele>1529.23</ele>
      </trkpt>
      <trkpt lat="-35.42498052120209" lon="-69.66005282476544">
        <ele>1528.68</ele>
      </trkpt>
      <trkpt lat="-35.42497716844082" lon="-69.65994662605226">
        <ele>1528.1</ele>
      </trkpt>
      <trkpt lat="-35.424961410462856" lon="-69.65952971018851">
        <ele>1527.46</ele>
      </trkpt>
      <trkpt lat="-35.42495386675" lon="-69.65942862443626">
        <ele>1526.9</ele>
      </trkpt>
      <trkpt lat="-35.424940371885896" lon="-69.65922553092241">
        <ele>1526.34</ele>
      </trkpt>
      <trkpt lat="-35.42489921674132" lon="-69.65872068889439">
        <ele>1525.82</ele>
      </trkpt>
      <trkpt lat="-35.424873903393745" lon="-69.65821349993348">
        <ele>1525.19</ele>
      </trkpt>
      <trkpt lat="-35.42486342601478" lon="-69.65811660513282">
        <ele>1524.64</ele>
      </trkpt>
      <trkpt lat="-35.42482537217438" lon="-69.65750615112484">
        <ele>1524.04</ele>
      </trkpt>
      <trkpt lat="-35.42481296695769" lon="-69.65730272233486">
        <ele>1523.45</ele>
      </trkpt>
      <trkpt lat="-35.424780528992414" lon="-69.65668313205242">
        <ele>1522.82</ele>
      </trkpt>
      <trkpt lat="-35.42477139271796" lon="-69.65657752007246">
        <ele>1522.25</ele>
      </trkpt>
      <trkpt lat="-35.42474331334233" lon="-69.65615993365645">
        <ele>1521.6</ele>
      </trkpt>
      <trkpt lat="-35.424737026914954" lon="-69.656055662781">
        <ele>1520.97</ele>
      </trkpt>
      <trkpt lat="-35.42471867054701" lon="-69.65584779158235">
        <ele>1520.29</ele>
      </trkpt>
      <trkpt lat="-35.42470316402614" lon="-69.65553313493729">
        <ele>1519.63</ele>
      </trkpt>
      <trkpt lat="-35.42468254454434" lon="-69.65522451326251">
        <ele>1519.02</ele>
      </trkpt>
      <trkpt lat="-35.424655890092254" lon="-69.65470416471362">
        <ele>1518.39</ele>
      </trkpt>
      <trkpt lat="-35.424653040245175" lon="-69.65460123494267">
        <ele>1517.75</ele>
      </trkpt>
      <trkpt lat="-35.42464415542781" lon="-69.65438900515437">
        <ele>1517.1</ele>
      </trkpt>
      <trkpt lat="-35.42460241355002" lon="-69.65366003103554">
        <ele>1516.33</ele>
      </trkpt>
      <trkpt lat="-35.42459478601813" lon="-69.65344855561852">
        <ele>1515.68</ele>
      </trkpt>
      <trkpt lat="-35.42458841577172" lon="-69.6532341465354">
        <ele>1515.03</ele>
      </trkpt>
      <trkpt lat="-35.424580704420805" lon="-69.65312886983156">
        <ele>1514.38</ele>
      </trkpt>
      <trkpt lat="-35.42457617819309" lon="-69.65302476659417">
        <ele>1513.74</ele>
      </trkpt>
      <trkpt lat="-35.424559749662876" lon="-69.65271052904427">
        <ele>1513.06</ele>
      </trkpt>
      <trkpt lat="-35.424533849582076" lon="-69.65229537338018">
        <ele>1512.31</ele>
      </trkpt>
      <trkpt lat="-35.42451943270862" lon="-69.65208565816283">
        <ele>1511.71</ele>
      </trkpt>
      <trkpt lat="-35.424502585083246" lon="-69.65166337788105">
        <ele>1511.11</ele>
      </trkpt>
      <trkpt lat="-35.424476182088256" lon="-69.65104420669377">
        <ele>1510.33</ele>
      </trkpt>
      <trkpt lat="-35.42444902472198" lon="-69.65053492225707">
        <ele>1509.65</ele>
      </trkpt>
      <trkpt lat="-35.424440894275904" lon="-69.6503296494484">
        <ele>1509.03</ele>
      </trkpt>
      <trkpt lat="-35.424400828778744" lon="-69.64971190318465">
        <ele>1508.4</ele>
      </trkpt>
      <trkpt lat="-35.42438507080078" lon="-69.64950361289084">
        <ele>1507.77</ele>
      </trkpt>
      <trkpt lat="-35.424359422177076" lon="-69.64920446276665">
        <ele>1507.07</ele>
      </trkpt>
      <trkpt lat="-35.42433427646756" lon="-69.6488097589463">
        <ele>1506.37</ele>
      </trkpt>
      <trkpt lat="-35.42430988512933" lon="-69.64840156026185">
        <ele>1505.7</ele>
      </trkpt>
      <trkpt lat="-35.42428834363818" lon="-69.64809654280543">
        <ele>1505.01</ele>
      </trkpt>
      <trkpt lat="-35.42425598949194" lon="-69.64757854118943">
        <ele>1504.29</ele>
      </trkpt>
      <trkpt lat="-35.42424685321748" lon="-69.6474782936275">
        <ele>1503.64</ele>
      </trkpt>
      <trkpt lat="-35.424216510728" lon="-69.6470710169524">
        <ele>1503.04</ele>
      </trkpt>
      <trkpt lat="-35.42419396340847" lon="-69.6467549353838">
        <ele>1502.44</ele>
      </trkpt>
      <trkpt lat="-35.42418675497174" lon="-69.64665091596544">
        <ele>1501.81</ele>
      </trkpt>
      <trkpt lat="-35.42417678050697" lon="-69.64644497260451">
        <ele>1501.15</ele>
      </trkpt>
      <trkpt lat="-35.42415481992066" lon="-69.64594054967165">
        <ele>1500.39</ele>
      </trkpt>
      <trkpt lat="-35.42415012605488" lon="-69.64583720080554">
        <ele>1499.74</ele>
      </trkpt>
      <trkpt lat="-35.42412171140313" lon="-69.64541869238019">
        <ele>1499.14</ele>
      </trkpt>
      <trkpt lat="-35.42409086599946" lon="-69.64499624446034">
        <ele>1498.48</ele>
      </trkpt>
      <trkpt lat="-35.42406848631799" lon="-69.64458159171045">
        <ele>1497.75</ele>
      </trkpt>
      <trkpt lat="-35.42405071668327" lon="-69.64415654540062">
        <ele>1497.15</ele>
      </trkpt>
      <trkpt lat="-35.4240455199033" lon="-69.64404808357358">
        <ele>1496.59</ele>
      </trkpt>
      <trkpt lat="-35.42401358485222" lon="-69.6434030123055">
        <ele>1496.0</ele>
      </trkpt>
      <trkpt lat="-35.42399891652167" lon="-69.64298559352756">
        <ele>1495.4</ele>
      </trkpt>
      <trkpt lat="-35.423996821045876" lon="-69.64288232848048">
        <ele>1494.86</ele>
      </trkpt>
      <trkpt lat="-35.423993803560734" lon="-69.64277864433825">
        <ele>1494.34</ele>
      </trkpt>
      <trkpt lat="-35.42398047633469" lon="-69.64225552976131">
        <ele>1493.83</ele>
      </trkpt>
      <trkpt lat="-35.42397804558277" lon="-69.64193902909756">
        <ele>1493.25</ele>
      </trkpt>
      <trkpt lat="-35.42397754266858" lon="-69.64183559641242">
        <ele>1492.78</ele>
      </trkpt>
      <trkpt lat="-35.42395709082484" lon="-69.64131910353899">
        <ele>1492.34</ele>
      </trkpt>
      <trkpt lat="-35.42397460900247" lon="-69.64101023040712">
        <ele>1491.87</ele>
      </trkpt>
      <trkpt lat="-35.42405323125422" lon="-69.6407144330442">
        <ele>1491.41</ele>
      </trkpt>
      <trkpt lat="-35.42408340610564" lon="-69.64062415994704">
        <ele>1490.96</ele>
      </trkpt>
      <trkpt lat="-35.42411542497575" lon="-69.6405278518796">
        <ele>1490.5</ele>
      </trkpt>
      <trkpt lat="-35.4242580011487" lon="-69.6401512529701">
        <ele>1489.99</ele>
      </trkpt>
      <trkpt lat="-35.42432790622115" lon="-69.63995503261685">
        <ele>1489.49</ele>
      </trkpt>
      <trkpt lat="-35.42439739219844" lon="-69.63976191356778">
        <ele>1489.01</ele>
      </trkpt>
      <trkpt lat="-35.424493281170726" lon="-69.6394672896713">
        <ele>1488.46</ele>
      </trkpt>
      <trkpt lat="-35.42456100694835" lon="-69.63927500881255">
        <ele>1487.96</ele>
      </trkpt>
      <trkpt lat="-35.42472856119275" lon="-69.63879145681858">
        <ele>1487.44</ele>
      </trkpt>
      <trkpt lat="-35.4248314909637" lon="-69.63849968276918">
        <ele>1486.89</ele>
      </trkpt>
      <trkpt lat="-35.42489921674132" lon="-69.63830354623497">
        <ele>1486.38</ele>
      </trkpt>
      <trkpt lat="-35.425075655803084" lon="-69.63780398480594">
        <ele>1485.76</ele>
      </trkpt>
      <trkpt lat="-35.4251853749156" lon="-69.6375076007098">
        <ele>1485.26</ele>
      </trkpt>
      <trkpt lat="-35.42532107792795" lon="-69.6371122263372">
        <ele>1484.73</ele>
      </trkpt>
      <trkpt lat="-35.425387462601066" lon="-69.63691382668912">
        <ele>1484.17</ele>
      </trkpt>
      <trkpt lat="-35.42553230188787" lon="-69.63651618920267">
        <ele>1483.53</ele>
      </trkpt>
      <trkpt lat="-35.42556733824313" lon="-69.63641711510718">
        <ele>1483.0</ele>
      </trkpt>
      <trkpt lat="-35.42560111731291" lon="-69.6363172866404">
        <ele>1482.48</ele>
      </trkpt>
      <trkpt lat="-35.42577713727951" lon="-69.63582577183843">
        <ele>1481.88</ele>
      </trkpt>
      <trkpt lat="-35.42588274925947" lon="-69.63552922010422">
        <ele>1481.28</ele>
      </trkpt>
      <trkpt lat="-35.42591820470989" lon="-69.63542947545648">
        <ele>1480.71</ele>
      </trkpt>
      <trkpt lat="-35.4259885288775" lon="-69.6352315787226">
        <ele>1480.18</ele>
      </trkpt>
      <trkpt lat="-35.426089614629745" lon="-69.6349326800555">
        <ele>1479.62</ele>
      </trkpt>
      <trkpt lat="-35.426122387871146" lon="-69.63483260013163">
        <ele>1479.11</ele>
      </trkpt>
      <trkpt lat="-35.426355907693505" lon="-69.63416263461113">
        <ele>1478.68</ele>
      </trkpt>
      <trkpt lat="-35.42638985440135" lon="-69.63406632654369">
        <ele>1478.12</ele>
      </trkpt>
      <trkpt lat="-35.426489347591996" lon="-69.63376130908728">
        <ele>1477.54</ele>
      </trkpt>
      <trkpt lat="-35.42662479914725" lon="-69.63336702436209">
        <ele>1476.92</ele>
      </trkpt>
      <trkpt lat="-35.42676108889282" lon="-69.6329708956182">
        <ele>1476.29</ele>
      </trkpt>
      <trkpt lat="-35.42686033062637" lon="-69.6326791215688">
        <ele>1475.64</ele>
      </trkpt>
      <trkpt lat="-35.42689251713455" lon="-69.63258063420653">
        <ele>1475.0</ele>
      </trkpt>
      <trkpt lat="-35.42706568725407" lon="-69.63208467699587">
        <ele>1474.21</ele>
      </trkpt>
      <trkpt lat="-35.42709929868579" lon="-69.6319866925478">
        <ele>1473.55</ele>
      </trkpt>
      <trkpt lat="-35.42726785875857" lon="-69.63150138035417">
        <ele>1472.96</ele>
      </trkpt>
      <trkpt lat="-35.4273041523993" lon="-69.63140465319157">
        <ele>1472.3</ele>
      </trkpt>
      <trkpt lat="-35.427372297272086" lon="-69.63120457716286">
        <ele>1471.62</ele>
      </trkpt>
      <trkpt lat="-35.42748578824103" lon="-69.63088070042431">
        <ele>1470.89</ele>
      </trkpt>
      <trkpt lat="-35.42755904607475" lon="-69.63065941818058">
        <ele>1470.23</ele>
      </trkpt>
      <trkpt lat="-35.42759525589645" lon="-69.63055087253451">
        <ele>1469.55</ele>
      </trkpt>
      <trkpt lat="-35.42780203744769" lon="-69.6299297735095">
        <ele>1468.81</ele>
      </trkpt>
      <trkpt lat="-35.42802172712982" lon="-69.62929719127715">
        <ele>1468.15</ele>
      </trkpt>
      <trkpt lat="-35.428086603060365" lon="-69.62911739945412">
        <ele>1467.4</ele>
      </trkpt>
      <trkpt lat="-35.42828072793782" lon="-69.62854776531458">
        <ele>1466.55</ele>
      </trkpt>
      <trkpt lat="-35.42835381813347" lon="-69.62835364043713">
        <ele>1465.82</ele>
      </trkpt>
      <trkpt lat="-35.42849622666836" lon="-69.62797293439507">
        <ele>1465.01</ele>
      </trkpt>
      <trkpt lat="-35.428714491426945" lon="-69.62730908766389">
        <ele>1464.25</ele>
      </trkpt>
      <trkpt lat="-35.42874567210674" lon="-69.62721495889127">
        <ele>1463.53</ele>
      </trkpt>
      <trkpt lat="-35.42890283279121" lon="-69.62671522982419">
        <ele>1462.75</ele>
      </trkpt>
      <trkpt lat="-35.42897424660623" lon="-69.62649889290333">
        <ele>1462.02</ele>
      </trkpt>
      <trkpt lat="-35.42904800735414" lon="-69.6262757666409">
        <ele>1461.18</ele>
      </trkpt>
      <trkpt lat="-35.42912411503494" lon="-69.62603755295277">
        <ele>1460.33</ele>
      </trkpt>
      <trkpt lat="-35.429244227707386" lon="-69.62570428848267">
        <ele>1459.56</ele>
      </trkpt>
      <trkpt lat="-35.42936065234244" lon="-69.62537311948836">
        <ele>1458.9</ele>
      </trkpt>
      <trkpt lat="-35.42953960597515" lon="-69.62483022361994">
        <ele>1458.15</ele>
      </trkpt>
      <trkpt lat="-35.429608672857285" lon="-69.62462226860225">
        <ele>1457.36</ele>
      </trkpt>
      <trkpt lat="-35.429826686158776" lon="-69.62400594726205">
        <ele>1456.51</ele>
      </trkpt>
      <trkpt lat="-35.4298650752753" lon="-69.62389891035855">
        <ele>1455.82</ele>
      </trkpt>
      <trkpt lat="-35.42994202114642" lon="-69.62368424981833">
        <ele>1455.11</ele>
      </trkpt>
      <trkpt lat="-35.43016062118113" lon="-69.623051751405">
        <ele>1454.37</ele>
      </trkpt>
      <trkpt lat="-35.43019783683121" lon="-69.62294588796794">
        <ele>1453.71</ele>
      </trkpt>
      <trkpt lat="-35.430236142128706" lon="-69.6228395216167">
        <ele>1453.06</ele>
      </trkpt>
      <trkpt lat="-35.430318200960755" lon="-69.62263290770352">
        <ele>1452.39</ele>
      </trkpt>
      <trkpt lat="-35.430431608110666" lon="-69.6223297342658">
        <ele>1451.75</ele>
      </trkpt>
      <trkpt lat="-35.4305215459317" lon="-69.62212169542909">
        <ele>1451.08</ele>
      </trkpt>
      <trkpt lat="-35.43056555092335" lon="-69.62201180867851">
        <ele>1450.45</ele>
      </trkpt>
      <trkpt lat="-35.430756909772754" lon="-69.62141987867653">
        <ele>1449.76</ele>
      </trkpt>
      <trkpt lat="-35.430840058252215" lon="-69.62118267081678">
        <ele>1449.1</ele>
      </trkpt>
      <trkpt lat="-35.43100291863084" lon="-69.62071747519076">
        <ele>1448.47</ele>
      </trkpt>
      <trkpt lat="-35.431084390729666" lon="-69.62048286572099">
        <ele>1447.93</ele>
      </trkpt>
      <trkpt lat="-35.4311653599143" lon="-69.62024984881282">
        <ele>1447.42</ele>
      </trkpt>
      <trkpt lat="-35.43132704682648" lon="-69.61977425962687">
        <ele>1446.95</ele>
      </trkpt>
      <trkpt lat="-35.43156383559108" lon="-69.61909130215645">
        <ele>1446.36</ele>
      </trkpt>
      <trkpt lat="-35.43167690746486" lon="-69.61874412372708">
        <ele>1445.77</ele>
      </trkpt>
      <trkpt lat="-35.43175435625017" lon="-69.61851663887501">
        <ele>1445.3</ele>
      </trkpt>
      <trkpt lat="-35.43179417029023" lon="-69.61840583011508">
        <ele>1444.85</ele>
      </trkpt>
      <trkpt lat="-35.43182794936001" lon="-69.61828395724297">
        <ele>1444.4</ele>
      </trkpt>
      <trkpt lat="-35.431905314326286" lon="-69.61803928948939">
        <ele>1444.0</ele>
      </trkpt>
      <trkpt lat="-35.43194521218538" lon="-69.6179180033505">
        <ele>1443.64</ele>
      </trkpt>
      <trkpt lat="-35.43198821134865" lon="-69.61779939942062">
        <ele>1443.29</ele>
      </trkpt>
      <trkpt lat="-35.432028444483876" lon="-69.61768004111946">
        <ele>1442.95</ele>
      </trkpt>
      <trkpt lat="-35.43206440284848" lon="-69.61756034754217">
        <ele>1442.61</ele>
      </trkpt>
      <trkpt lat="-35.43213648721576" lon="-69.61733085103333">
        <ele>1442.24</ele>
      </trkpt>
      <trkpt lat="-35.43220295570791" lon="-69.61709448136389">
        <ele>1441.88</ele>
      </trkpt>
      <trkpt lat="-35.4322412610054" lon="-69.61697562597692">
        <ele>1441.57</ele>
      </trkpt>
      <trkpt lat="-35.432291720062494" lon="-69.61686163209379">
        <ele>1441.27</ele>
      </trkpt>
      <trkpt lat="-35.43241317383945" lon="-69.61667102761567">
        <ele>1440.98</ele>
      </trkpt>
      <trkpt lat="-35.432571256533265" lon="-69.61657203733921">
        <ele>1440.68</ele>
      </trkpt>
      <trkpt lat="-35.432656751945615" lon="-69.6165519207716">
        <ele>1440.43</ele>
      </trkpt>
      <trkpt lat="-35.4328335262835" lon="-69.6164966840297">
        <ele>1440.2</ele>
      </trkpt>
      <trkpt lat="-35.43300208635628" lon="-69.61640791967511">
        <ele>1439.93</ele>
      </trkpt>
      <trkpt lat="-35.4330824688077" lon="-69.61635243147612">
        <ele>1439.69</ele>
      </trkpt>
      <trkpt lat="-35.43325798586011" lon="-69.61626341566443">
        <ele>1439.46</ele>
      </trkpt>
      <trkpt lat="-35.43345630168915" lon="-69.61625176481903">
        <ele>1439.18</ele>
      </trkpt>
      <trkpt lat="-35.43355747126043" lon="-69.61623684503138">
        <ele>1438.92</ele>
      </trkpt>
      <trkpt lat="-35.4337712097913" lon="-69.61618990637362">
        <ele>1438.63</ele>
      </trkpt>
      <trkpt lat="-35.433876318857074" lon="-69.61616911925375">
        <ele>1438.39</ele>
      </trkpt>
      <trkpt lat="-35.43397715315223" lon="-69.61615193635225">
        <ele>1438.2</ele>
      </trkpt>
      <trkpt lat="-35.43426984921098" lon="-69.61607188917696">
        <ele>1438.02</ele>
      </trkpt>
      <trkpt lat="-35.43436137959361" lon="-69.61604288779199">
        <ele>1437.85</ele>
      </trkpt>
      <trkpt lat="-35.43482355773449" lon="-69.6159511897713">
        <ele>1437.71</ele>
      </trkpt>
      <trkpt lat="-35.43488742783666" lon="-69.61596066132188">
        <ele>1437.59</ele>
      </trkpt>
      <trkpt lat="-35.43502531014383" lon="-69.61598228663206">
        <ele>1437.5</ele>
      </trkpt>
      <trkpt lat="-35.43516771867871" lon="-69.61600827053189">
        <ele>1437.38</ele>
      </trkpt>
      <trkpt lat="-35.43531029485166" lon="-69.61600340902805">
        <ele>1437.2</ele>
      </trkpt>
      <trkpt lat="-35.43538061901927" lon="-69.61597993969917">
        <ele>1437.03</ele>
      </trkpt>
      <trkpt lat="-35.43576191179454" lon="-69.61586678400636">
        <ele>1436.77</ele>
      </trkpt>
      <trkpt lat="-35.4360662586987" lon="-69.6158280596137">
        <ele>1436.62</ele>
      </trkpt>
      <trkpt lat="-35.43621210381389" lon="-69.6158040035516">
        <ele>1436.5</ele>
      </trkpt>
      <trkpt lat="-35.436662966385484" lon="-69.61571389809251">
        <ele>1436.4</ele>
      </trkpt>
      <trkpt lat="-35.43681568466127" lon="-69.61568439379334">
        <ele>1436.21</ele>
      </trkpt>
      <trkpt lat="-35.437048617750406" lon="-69.61564080789685">
        <ele>1436.01</ele>
      </trkpt>
      <trkpt lat="-35.43721650727093" lon="-69.61560887284577">
        <ele>1435.83</ele>
      </trkpt>
      <trkpt lat="-35.43738724663854" lon="-69.61557308211923">
        <ele>1435.6</ele>
      </trkpt>
      <trkpt lat="-35.437475675716996" lon="-69.61555263027549">
        <ele>1435.41</ele>
      </trkpt>
      <trkpt lat="-35.437841042876244" lon="-69.61548565886915">
        <ele>1435.14</ele>
      </trkpt>
      <trkpt lat="-35.43793802149594" lon="-69.6154636144638">
        <ele>1434.93</ele>
      </trkpt>
      <trkpt lat="-35.438216384500265" lon="-69.61540242657065">
        <ele>1434.71</ele>
      </trkpt>
      <trkpt lat="-35.438314620405436" lon="-69.61538583040237">
        <ele>1434.51</ele>
      </trkpt>
      <trkpt lat="-35.438506649807096" lon="-69.61534107103944">
        <ele>1434.3</ele>
      </trkpt>
      <trkpt lat="-35.43879515491426" lon="-69.61528223007917">
        <ele>1434.03</ele>
      </trkpt>
      <trkpt lat="-35.43898274190724" lon="-69.61524182930589">
        <ele>1433.82</ele>
      </trkpt>
      <trkpt lat="-35.43907561339438" lon="-69.6152220480144">
        <ele>1433.59</ele>
      </trkpt>
      <trkpt lat="-35.43960032053292" lon="-69.61510562337935">
        <ele>1433.27</ele>
      </trkpt>
      <trkpt lat="-35.43995068408549" lon="-69.61502448655665">
        <ele>1432.96</ele>
      </trkpt>
      <trkpt lat="-35.44021136127412" lon="-69.61495508439839">
        <ele>1432.67</ele>
      </trkpt>
      <trkpt lat="-35.44053507037461" lon="-69.61487738415599">
        <ele>1432.46</ele>
      </trkpt>
      <trkpt lat="-35.44061914086342" lon="-69.61485844105482">
        <ele>1432.11</ele>
      </trkpt>
      <trkpt lat="-35.4407047200948" lon="-69.6148541662842">
        <ele>1431.73</ele>
      </trkpt>
      <trkpt lat="-35.440967325121164" lon="-69.6148058027029">
        <ele>1431.28</ele>
      </trkpt>
      <trkpt lat="-35.441146697849035" lon="-69.61477026343346">
        <ele>1430.79</ele>
      </trkpt>
      <trkpt lat="-35.44151550158858" lon="-69.61470681242645">
        <ele>1430.22</ele>
      </trkpt>
      <trkpt lat="-35.44179243966937" lon="-69.614647468552">
        <ele>1429.71</ele>
      </trkpt>
      <trkpt lat="-35.44197709299624" lon="-69.61460581049323">
        <ele>1429.15</ele>
      </trkpt>
      <trkpt lat="-35.44253624975681" lon="-69.61448787711561">
        <ele>1428.48</ele>
      </trkpt>
      <trkpt lat="-35.44263130053878" lon="-69.61446952074766">
        <ele>1427.85</ele>
      </trkpt>
      <trkpt lat="-35.443100268021226" lon="-69.61436038836837">
        <ele>1427.12</ele>
      </trkpt>
      <trkpt lat="-35.44319272041321" lon="-69.61433373391628">
        <ele>1426.45</ele>
      </trkpt>
      <trkpt lat="-35.44375824742019" lon="-69.61419668979943">
        <ele>1425.67</ele>
      </trkpt>
      <trkpt lat="-35.443854220211506" lon="-69.61417179554701">
        <ele>1425.01</ele>
      </trkpt>
      <trkpt lat="-35.444437097758055" lon="-69.61404732428491">
        <ele>1424.3</ele>
      </trkpt>
      <trkpt lat="-35.44453072361648" lon="-69.61402477696538">
        <ele>1423.6</ele>
      </trkpt>
      <trkpt lat="-35.445077223703265" lon="-69.61392779834569">
        <ele>1422.88</ele>
      </trkpt>
      <trkpt lat="-35.44516674242914" lon="-69.61391732096672">
        <ele>1422.16</ele>
      </trkpt>
      <trkpt lat="-35.44561282731593" lon="-69.61382386274636">
        <ele>1421.41</ele>
      </trkpt>
      <trkpt lat="-35.44570687226951" lon="-69.6138025727123">
        <ele>1420.71</ele>
      </trkpt>
      <trkpt lat="-35.44619201682508" lon="-69.61369000375271">
        <ele>1420.01</ele>
      </trkpt>
      <trkpt lat="-35.44658395461738" lon="-69.61359822191298">
        <ele>1419.3</ele>
      </trkpt>
      <trkpt lat="-35.44677380472422" lon="-69.61355622857809">
        <ele>1418.69</ele>
      </trkpt>
      <trkpt lat="-35.44697463512421" lon="-69.61352027021348">
        <ele>1418.13</ele>
      </trkpt>
      <trkpt lat="-35.447374200448394" lon="-69.61342010647058">
        <ele>1417.58</ele>
      </trkpt>
      <trkpt lat="-35.447575030848384" lon="-69.61337266489863">
        <ele>1417.05</ele>
      </trkpt>
      <trkpt lat="-35.447988929226995" lon="-69.61329529993236">
        <ele>1416.56</ele>
      </trkpt>
      <trkpt lat="-35.44862251728773" lon="-69.61313570849597">
        <ele>1416.08</ele>
      </trkpt>
      <trkpt lat="-35.4492509085685" lon="-69.61298265494406">
        <ele>1415.71</ele>
      </trkpt>
      <trkpt lat="-35.44954687356949" lon="-69.61291576735675">
        <ele>1415.43</ele>
      </trkpt>
      <trkpt lat="-35.44973555020988" lon="-69.61287779733539">
        <ele>1415.18</ele>
      </trkpt>
      <trkpt lat="-35.450347093865275" lon="-69.61273094639182">
        <ele>1414.94</ele>
      </trkpt>
      <trkpt lat="-35.450861155986786" lon="-69.61264159530401">
        <ele>1414.79</ele>
      </trkpt>
      <trkpt lat="-35.45094296336174" lon="-69.61262499913573">
        <ele>1414.68</ele>
      </trkpt>
      <trkpt lat="-35.451288633048534" lon="-69.61257277987897">
        <ele>1414.62</ele>
      </trkpt>
      <trkpt lat="-35.45137605629861" lon="-69.61255635134876">
        <ele>1414.61</ele>
      </trkpt>
      <trkpt lat="-35.451862793415785" lon="-69.61244797334075">
        <ele>1414.63</ele>
      </trkpt>
      <trkpt lat="-35.45238867402077" lon="-69.6123299561441">
        <ele>1414.76</ele>
      </trkpt>
      <trkpt lat="-35.452678352594376" lon="-69.61225787177682">
        <ele>1414.9</ele>
      </trkpt>
      <trkpt lat="-35.452885469421744" lon="-69.6122070774436">
        <ele>1415.06</ele>
      </trkpt>
      <trkpt lat="-35.45321269892156" lon="-69.61214186623693">
        <ele>1415.27</ele>
      </trkpt>
      <trkpt lat="-35.45348242856562" lon="-69.61207967251539">
        <ele>1415.48</ele>
      </trkpt>
      <trkpt lat="-35.45354772359133" lon="-69.61205150932074">
        <ele>1415.72</ele>
      </trkpt>
      <trkpt lat="-35.45361679047346" lon="-69.6120236814022">
        <ele>1415.98</ele>
      </trkpt>
      <trkpt lat="-35.45401048846543" lon="-69.61185411550105">
        <ele>1416.33</ele>
      </trkpt>
      <trkpt lat="-35.454366551712155" lon="-69.61175353266299">
        <ele>1416.59</ele>
      </trkpt>
      <trkpt lat="-35.4544367082417" lon="-69.61174171417952">
        <ele>1416.84</ele>
      </trkpt>
      <trkpt lat="-35.45476410537958" lon="-69.61167566478252">
        <ele>1417.06</ele>
      </trkpt>
      <trkpt lat="-35.45488480478525" lon="-69.61165278218687">
        <ele>1417.36</ele>
      </trkpt>
      <trkpt lat="-35.45510374009609" lon="-69.61161187849939">
        <ele>1417.66</ele>
      </trkpt>
      <trkpt lat="-35.45515495352447" lon="-69.61159536615014">
        <ele>1417.93</ele>
      </trkpt>
      <trkpt lat="-35.455360896885395" lon="-69.61157843470573">
        <ele>1418.21</ele>
      </trkpt>
      <trkpt lat="-35.45546332374215" lon="-69.6115630120039">
        <ele>1418.49</ele>
      </trkpt>
      <trkpt lat="-35.455625681206584" lon="-69.61156058125198">
        <ele>1418.76</ele>
      </trkpt>
      <trkpt lat="-35.45599297620356" lon="-69.61159846745431">
        <ele>1418.98</ele>
      </trkpt>
      <trkpt lat="-35.45604066923261" lon="-69.61159134283662">
        <ele>1419.19</ele>
      </trkpt>
      <trkpt lat="-35.45610294677317" lon="-69.61151850409806">
        <ele>1419.39</ele>
      </trkpt>
      <trkpt lat="-35.45610202476382" lon="-69.61141733452678">
        <ele>1419.57</ele>
      </trkpt>
      <trkpt lat="-35.45609263703227" lon="-69.61136008612812">
        <ele>1419.73</ele>
      </trkpt>
      <trkpt lat="-35.456096241250634" lon="-69.61129646748304">
        <ele>1419.86</ele>
      </trkpt>
      <trkpt lat="-35.45610889792442" lon="-69.61115011945367">
        <ele>1419.96</ele>
      </trkpt>
      <trkpt lat="-35.45612155459821" lon="-69.61107392795384">
        <ele>1420.07</ele>
      </trkpt>
      <trkpt lat="-35.4562016017735" lon="-69.61078525520861">
        <ele>1420.2</ele>
      </trkpt>
      <trkpt lat="-35.4562325309962" lon="-69.61072616279125">
        <ele>1420.28</ele>
      </trkpt>
      <trkpt lat="-35.45628760010004" lon="-69.6106063015759">
        <ele>1420.33</ele>
      </trkpt>
      <trkpt lat="-35.456413915380836" lon="-69.61038921028376">
        <ele>1420.38</ele>
      </trkpt>
      <trkpt lat="-35.45656965114176" lon="-69.61011906154454">
        <ele>1420.43</ele>
      </trkpt>
      <trkpt lat="-35.45663192868233" lon="-69.61000523529947">
        <ele>1420.45</ele>
      </trkpt>
      <trkpt lat="-35.45666763558984" lon="-69.60995594970882">
        <ele>1420.38</ele>
      </trkpt>
      <trkpt lat="-35.45669948682189" lon="-69.60989476181567">
        <ele>1420.27</ele>
      </trkpt>
      <trkpt lat="-35.45677685178816" lon="-69.60976785980165">
        <ele>1420.14</ele>
      </trkpt>
      <trkpt lat="-35.4568559769541" lon="-69.60964330472052">
        <ele>1419.96</ele>
      </trkpt>
      <trkpt lat="-35.45707767829299" lon="-69.60930140689015">
        <ele>1419.63</ele>
      </trkpt>
      <trkpt lat="-35.45717624947429" lon="-69.60916193202138">
        <ele>1419.29</ele>
      </trkpt>
      <trkpt lat="-35.45741136185825" lon="-69.60881768725812">
        <ele>1418.98</ele>
      </trkpt>
      <trkpt lat="-35.45746458694339" lon="-69.60875163786113">
        <ele>1418.73</ele>
      </trkpt>
      <trkpt lat="-35.45768016949296" lon="-69.60848417133093">
        <ele>1418.51</ele>
      </trkpt>
      <trkpt lat="-35.45811468735337" lon="-69.60794504731894">
        <ele>1418.15</ele>
      </trkpt>
      <trkpt lat="-35.458372347056866" lon="-69.6075945161283">
        <ele>1417.9</ele>
      </trkpt>
      <trkpt lat="-35.45847091823816" lon="-69.60746468044817">
        <ele>1417.64</ele>
      </trkpt>
      <trkpt lat="-35.45851131901145" lon="-69.60739544592798">
        <ele>1417.4</ele>
      </trkpt>
      <trkpt lat="-35.45857862569392" lon="-69.60723962634802">
        <ele>1417.17</ele>
      </trkpt>
      <trkpt lat="-35.45860452577472" lon="-69.60715061053634">
        <ele>1416.94</ele>
      </trkpt>
      <trkpt lat="-35.4586277436465" lon="-69.60705287754536">
        <ele>1416.74</ele>
      </trkpt>
      <trkpt lat="-35.45867996290326" lon="-69.6068521309644">
        <ele>1416.58</ele>
      </trkpt>
      <trkpt lat="-35.45875841751695" lon="-69.60657024756074">
        <ele>1416.41</ele>
      </trkpt>
      <trkpt lat="-35.458810552954674" lon="-69.606504868716">
        <ele>1416.3</ele>
      </trkpt>
      <trkpt lat="-35.45887433923781" lon="-69.6064686588943">
        <ele>1416.22</ele>
      </trkpt>
      <trkpt lat="-35.458937622606754" lon="-69.60645667277277">
        <ele>1416.18</ele>
      </trkpt>
      <trkpt lat="-35.45900501310825" lon="-69.60646430030465">
        <ele>1416.17</ele>
      </trkpt>
      <trkpt lat="-35.4591959528625" lon="-69.60649355314672">
        <ele>1416.2</ele>
      </trkpt>
      <trkpt lat="-35.459259152412415" lon="-69.60649129003286">
        <ele>1416.24</ele>
      </trkpt>
      <trkpt lat="-35.45946459285915" lon="-69.60642658174038">
        <ele>1416.3</ele>
      </trkpt>
      <trkpt lat="-35.4595379345119" lon="-69.60639665834606">
        <ele>1416.41</ele>
      </trkpt>
      <trkpt lat="-35.459750751033425" lon="-69.60632096976042">
        <ele>1416.59</ele>
      </trkpt>
      <trkpt lat="-35.4598920699209" lon="-69.60630563087761">
        <ele>1416.77</ele>
      </trkpt>
      <trkpt lat="-35.459964824840426" lon="-69.60631342604756">
        <ele>1416.91</ele>
      </trkpt>
      <trkpt lat="-35.46018141321838" lon="-69.60636413656175">
        <ele>1417.03</ele>
      </trkpt>
      <trkpt lat="-35.460396157577634" lon="-69.60641887038946">
        <ele>1417.18</ele>
      </trkpt>
      <trkpt lat="-35.460534458979964" lon="-69.60644510574639">
        <ele>1417.31</ele>
      </trkpt>
      <trkpt lat="-35.460596065968275" lon="-69.60646991617978">
        <ele>1417.41</ele>
      </trkpt>
      <trkpt lat="-35.46093385666609" lon="-69.6065896935761">
        <ele>1417.49</ele>
      </trkpt>
      <trkpt lat="-35.46132151968777" lon="-69.60668516345322">
        <ele>1417.55</ele>
      </trkpt>
      <trkpt lat="-35.46137860044837" lon="-69.60667166858912">
        <ele>1417.61</ele>
      </trkpt>
      <trkpt lat="-35.46143291518092" lon="-69.6066462714225">
        <ele>1417.65</ele>
      </trkpt>
      <trkpt lat="-35.461522517725825" lon="-69.60655214264989">
        <ele>1417.68</ele>
      </trkpt>
      <trkpt lat="-35.46155889518559" lon="-69.60640596225858">
        <ele>1417.67</ele>
      </trkpt>
      <trkpt lat="-35.461559984833" lon="-69.60632348433137">
        <ele>1417.65</ele>
      </trkpt>
      <trkpt lat="-35.461539616808295" lon="-69.60607420653105">
        <ele>1417.62</ele>
      </trkpt>
      <trkpt lat="-35.46151589602232" lon="-69.60589868947864">
        <ele>1417.58</ele>
      </trkpt>
      <trkpt lat="-35.461503406986594" lon="-69.60572174750268">
        <ele>1417.48</ele>
      </trkpt>
      <trkpt lat="-35.46149200759828" lon="-69.60543986409903">
        <ele>1417.37</ele>
      </trkpt>
      <trkpt lat="-35.4614857211709" lon="-69.60524297319353">
        <ele>1417.3</ele>
      </trkpt>
      <trkpt lat="-35.46148429624736" lon="-69.60475112311542">
        <ele>1417.4</ele>
      </trkpt>
      <trkpt lat="-35.46146753244102" lon="-69.6041995100677">
        <ele>1417.41</ele>
      </trkpt>
      <trkpt lat="-35.46145613305271" lon="-69.60393447428942">
        <ele>1417.41</ele>
      </trkpt>
      <trkpt lat="-35.461442889645696" lon="-69.60376415401697">
        <ele>1417.41</ele>
      </trkpt>
      <trkpt lat="-35.46142981387675" lon="-69.60332410410047">
        <ele>1417.52</ele>
      </trkpt>
      <trkpt lat="-35.46142486855388" lon="-69.60323542356491">
        <ele>1417.68</ele>
      </trkpt>
      <trkpt lat="-35.46141623519361" lon="-69.60306627675891">
        <ele>1417.88</ele>
      </trkpt>
      <trkpt lat="-35.46140994876623" lon="-69.6027332637459">
        <ele>1418.03</ele>
      </trkpt>
      <trkpt lat="-35.46142050996423" lon="-69.6024882607162">
        <ele>1418.17</ele>
      </trkpt>
      <trkpt lat="-35.46143836341798" lon="-69.6023415774107">
        <ele>1418.48</ele>
      </trkpt>
      <trkpt lat="-35.461461413651705" lon="-69.60227628238499">
        <ele>1418.88</ele>
      </trkpt>
      <trkpt lat="-35.461549339815974" lon="-69.60218860767782">
        <ele>1419.35</ele>
      </trkpt>
      <trkpt lat="-35.46166350133717" lon="-69.60215055383742">
        <ele>1419.91</ele>
      </trkpt>
      <trkpt lat="-35.461723767220974" lon="-69.60213714279234">
        <ele>1420.55</ele>
      </trkpt>
      <trkpt lat="-35.462057618424296" lon="-69.60210193879902">
        <ele>1421.38</ele>
      </trkpt>
      <trkpt lat="-35.46253463253379" lon="-69.60208668373525">
        <ele>1422.29</ele>
      </trkpt>
      <trkpt lat="-35.462950123474" lon="-69.6020669862628">
        <ele>1423.04</ele>
      </trkpt>
      <trkpt lat="-35.46344256028533" lon="-69.60205189883709">
        <ele>1423.84</ele>
      </trkpt>
      <trkpt lat="-35.4637913312763" lon="-69.60203161463141">
        <ele>1424.69</ele>
      </trkpt>
      <trkpt lat="-35.46393265016377" lon="-69.60202759131789">
        <ele>1425.45</ele>
      </trkpt>
      <trkpt lat="-35.46429315581918" lon="-69.602019963786">
        <ele>1426.14</ele>
      </trkpt>
      <trkpt lat="-35.464718118309975" lon="-69.60202113725245">
        <ele>1426.83</ele>
      </trkpt>
      <trkpt lat="-35.464856838807464" lon="-69.60201770067215">
        <ele>1427.5</ele>
      </trkpt>
      <trkpt lat="-35.464999079704285" lon="-69.60200873203576">
        <ele>1428.1</ele>
      </trkpt>
      <trkpt lat="-35.46506781131029" lon="-69.60200336761773">
        <ele>1428.65</ele>
      </trkpt>
      <trkpt lat="-35.465208208188415" lon="-69.60200085304677">
        <ele>1429.16</ele>
      </trkpt>
      <trkpt lat="-35.465345587581396" lon="-69.60199674591422">
        <ele>1429.56</ele>
      </trkpt>
      <trkpt lat="-35.465482296422124" lon="-69.60199582390487">
        <ele>1429.85</ele>
      </trkpt>
      <trkpt lat="-35.465857638046145" lon="-69.6019824128598">
        <ele>1430.03</ele>
      </trkpt>
      <trkpt lat="-35.466062407940626" lon="-69.60197495296597">
        <ele>1430.12</ele>
      </trkpt>
      <trkpt lat="-35.46610213816166" lon="-69.60193673148751">
        <ele>1430.04</ele>
      </trkpt>
      <trkpt lat="-35.46612359583378" lon="-69.60188493132591">
        <ele>1429.84</ele>
      </trkpt>
      <trkpt lat="-35.46612225472927" lon="-69.60173967294395">
        <ele>1429.47</ele>
      </trkpt>
      <trkpt lat="-35.466126864776015" lon="-69.60157840512693">
        <ele>1429.02</ele>
      </trkpt>
      <trkpt lat="-35.46612124890089" lon="-69.60129224695265">
        <ele>1428.48</ele>
      </trkpt>
      <trkpt lat="-35.466120075434446" lon="-69.60119158029556">
        <ele>1427.88</ele>
      </trkpt>
      <trkpt lat="-35.46612661331892" lon="-69.60065857507288">
        <ele>1427.13</ele>
      </trkpt>
      <trkpt lat="-35.46611278317869" lon="-69.60010997951031">
        <ele>1426.18</ele>
      </trkpt>
      <trkpt lat="-35.466111693531275" lon="-69.5999984163791">
        <ele>1425.36</ele>
      </trkpt>
      <trkpt lat="-35.46609585173428" lon="-69.59943121299148">
        <ele>1424.38</ele>
      </trkpt>
      <trkpt lat="-35.46608369797468" lon="-69.5991986989975">
        <ele>1423.38</ele>
      </trkpt>
      <trkpt lat="-35.466060899198055" lon="-69.59885026328266">
        <ele>1422.44</ele>
      </trkpt>
      <trkpt lat="-35.46605042181909" lon="-69.59837442263961">
        <ele>1421.66</ele>
      </trkpt>
      <trkpt lat="-35.46600775793195" lon="-69.59770160727203">
        <ele>1420.86</ele>
      </trkpt>
      <trkpt lat="-35.46600884757936" lon="-69.5975907985121">
        <ele>1420.07</ele>
      </trkpt>
      <trkpt lat="-35.46601119451225" lon="-69.59747923538089">
        <ele>1419.25</ele>
      </trkpt>
      <trkpt lat="-35.46600197441876" lon="-69.59702803753316">
        <ele>1418.43</ele>
      </trkpt>
      <trkpt lat="-35.46600054949522" lon="-69.59691362455487">
        <ele>1417.55</ele>
      </trkpt>
      <trkpt lat="-35.4659981187433" lon="-69.59668580442667">
        <ele>1416.64</ele>
      </trkpt>
      <trkpt lat="-35.465976828709245" lon="-69.59611147642136">
        <ele>1415.6</ele>
      </trkpt>
      <trkpt lat="-35.465970961377025" lon="-69.59555441513658">
        <ele>1414.78</ele>
      </trkpt>
      <trkpt lat="-35.46597171574831" lon="-69.59544654004276">
        <ele>1414.14</ele>
      </trkpt>
      <trkpt lat="-35.46595981344581" lon="-69.59471002221107">
        <ele>1413.51</ele>
      </trkpt>
      <trkpt lat="-35.46593500301242" lon="-69.59399144165218">
        <ele>1412.87</ele>
      </trkpt>
      <trkpt lat="-35.465933829545975" lon="-69.59388742223382">
        <ele>1412.34</ele>
      </trkpt>
      <trkpt lat="-35.4659222625196" lon="-69.59336615167558">
        <ele>1411.84</ele>
      </trkpt>
      <trkpt lat="-35.465890830382705" lon="-69.59277011454105">
        <ele>1411.32</ele>
      </trkpt>
      <trkpt lat="-35.46587347984314" lon="-69.59240441210568">
        <ele>1411.14</ele>
      </trkpt>
      <trkpt lat="-35.465892842039466" lon="-69.59234238602221">
        <ele>1411.05</ele>
      </trkpt>
      <trkpt lat="-35.46592980623245" lon="-69.59230282343924">
        <ele>1411.05</ele>
      </trkpt>
      <trkpt lat="-35.46598009765148" lon="-69.5922860596329">
        <ele>1411.11</ele>
      </trkpt>
      <trkpt lat="-35.466034496203065" lon="-69.5922855567187">
        <ele>1411.24</ele>
      </trkpt>
      <trkpt lat="-35.46615737490356" lon="-69.59228798747063">
        <ele>1411.45</ele>
      </trkpt>
      <trkpt lat="-35.46664319001138" lon="-69.59226049482822">
        <ele>1411.76</ele>
      </trkpt>
      <trkpt lat="-35.46701987273991" lon="-69.59225940518081">
        <ele>1411.93</ele>
      </trkpt>
      <trkpt lat="-35.46745648607612" lon="-69.59225001744926">
        <ele>1412.12</ele>
      </trkpt>
      <trkpt lat="-35.467523289844394" lon="-69.59225320257246">
        <ele>1412.47</ele>
      </trkpt>
      <trkpt lat="-35.467820428311825" lon="-69.59222294390202">
        <ele>1412.93</ele>
      </trkpt>
      <trkpt lat="-35.468261651694775" lon="-69.59220324642956">
        <ele>1413.45</ele>
      </trkpt>
      <trkpt lat="-35.468608662486076" lon="-69.5922067668289">
        <ele>1414.08</ele>
      </trkpt>
      <trkpt lat="-35.468856263905764" lon="-69.59220157004893">
        <ele>1414.75</ele>
      </trkpt>
      <trkpt lat="-35.469022896140814" lon="-69.59218396805227">
        <ele>1415.25</ele>
      </trkpt>
      <trkpt lat="-35.46910872682929" lon="-69.59213552065194">
        <ele>1415.67</ele>
      </trkpt>
      <trkpt lat="-35.46914921142161" lon="-69.59202638827264">
        <ele>1416.04</ele>
      </trkpt>
      <trkpt lat="-35.46914745122194" lon="-69.59189722314477">
        <ele>1416.37</ele>
      </trkpt>
      <trkpt lat="-35.46914535574615" lon="-69.59183561615646">
        <ele>1416.69</ele>
      </trkpt>
      <trkpt lat="-35.469141667708755" lon="-69.5917646214366">
        <ele>1416.98</ele>
      </trkpt>
    </trkseg>
  </trk>
</gpx>
